T1-AntesDeConectar;T2-AposConectar
1492025877207;1492025893286

Contador;IniLoop
0;1492025893290
1;1492025893465
2;1492025893554
3;1492025893641
4;1492025893830
5;1492025893880
6;1492025894068
7;1492025894150
8;1492025894255
9;1492025894430
10;1492025894537
11;1492025894663
12;1492025894812
13;1492025894938
14;1492025895082
15;1492025895159
16;1492025895315
17;1492025895386
18;1492025895566
19;1492025895688
20;1492025895813
21;1492025895883
22;1492025896050
23;1492025896192
24;1492025896262
25;1492025896434
26;1492025896557
27;1492025896680
28;1492025896815
29;1492025896933
30;1492025897062
31;1492025897215
32;1492025897337
33;1492025897453
34;1492025897584
35;1492025897697
36;1492025897844
37;1492025897966
38;1492025898103
39;1492025898236
40;1492025898308
41;1492025898474
42;1492025898590
43;1492025898718
44;1492025898849
45;1492025898979
46;1492025899114
47;1492025899230
48;1492025899362
49;1492025899531
50;1492025899657
51;1492025899765
52;1492025899903
53;1492025900021
54;1492025900172
55;1492025900306
56;1492025900375
57;1492025900563
58;1492025900680
59;1492025900800
60;1492025900917
61;1492025901049
62;1492025901185
63;1492025901293
64;1492025901424
65;1492025901541
66;1492025901673
67;1492025901804
68;1492025901929
69;1492025902053
70;1492025902188
71;1492025902305
72;1492025902434
73;1492025902546
74;1492025902685
75;1492025902754
76;1492025902910
77;1492025903035
78;1492025903154
79;1492025903298
80;1492025903420
81;1492025903545
82;1492025903666
83;1492025903790
84;1492025903908
85;1492025904034
86;1492025904166
87;1492025904298
88;1492025904429
89;1492025904560
90;1492025904688
91;1492025904816
92;1492025904944
93;1492025905025
94;1492025905194
95;1492025905343
96;1492025905466
97;1492025905596
98;1492025905729
99;1492025905819
100;1492025905966
101;1492025906090
102;1492025906223
103;1492025906292
104;1492025906450
105;1492025906581
106;1492025906714
107;1492025906855
108;1492025906980
109;1492025907105
110;1492025907222
111;1492025907354
112;1492025907491
113;1492025907617
114;1492025907752
115;1492025907866
116;1492025908003
117;1492025908144
118;1492025908239
119;1492025908352
120;1492025908529
121;1492025908616
122;1492025908731
123;1492025908914
124;1492025909026
125;1492025909157
126;1492025909270
127;1492025909378
128;1492025909502
129;1492025909642
130;1492025909788
131;1492025909913
132;1492025910041
133;1492025910165
134;1492025910286
135;1492025910410
136;1492025910564
137;1492025910679
138;1492025910802
139;1492025910970
140;1492025911079
141;1492025911213
142;1492025911324
143;1492025911455
144;1492025911574
145;1492025911690
146;1492025911823
147;1492025911942
148;1492025912081
149;1492025912218
150;1492025912345
151;1492025912476
152;1492025912602
153;1492025912719
154;1492025912839
155;1492025912995
156;1492025913067
157;1492025913259
158;1492025913383
159;1492025913509
160;1492025913634
161;1492025913759
162;1492025913884
163;1492025914008
164;1492025914130
165;1492025914262
166;1492025914419
167;1492025914500
168;1492025914683
169;1492025914751
170;1492025914909
171;1492025915052
172;1492025915177
173;1492025915329
174;1492025915439
175;1492025915563
176;1492025915700
177;1492025915821
178;1492025915942
179;1492025916093
180;1492025916204
181;1492025916347
182;1492025916472
183;1492025916616
184;1492025916687
185;1492025916881
186;1492025916951
187;1492025917141
188;1492025917213
189;1492025917391
190;1492025917508
191;1492025917643
192;1492025917714
193;1492025917892
194;1492025918006
195;1492025918154
196;1492025918279
197;1492025918419
198;1492025918493
199;1492025918674
200;1492025918790
201;1492025918938
202;1492025919050
203;1492025919189
204;1492025919311
205;1492025919462
206;1492025919570
207;1492025919714
208;1492025919843
209;1492025919994
210;1492025920102
211;1492025920258
212;1492025920327
213;1492025920486
214;1492025920635
215;1492025920704
216;1492025920896
217;1492025921007
218;1492025921134
219;1492025921262
220;1492025921400
221;1492025921525
222;1492025921668
223;1492025921741
224;1492025921934
225;1492025922050
226;1492025922200
227;1492025922271
228;1492025922423
229;1492025922558
230;1492025922666
231;1492025922814
232;1492025922931
233;1492025923073
234;1492025923214
235;1492025923333
236;1492025923475
237;1492025923598
238;1492025923706
239;1492025923855
240;1492025923925
241;1492025924106
242;1492025924218
243;1492025924369
244;1492025924494
245;1492025924628
246;1492025924747
247;1492025924886
248;1492025925021
249;1492025925149
250;1492025925274
251;1492025925412
252;1492025925527
253;1492025925652
254;1492025925799
255;1492025925927
256;1492025926055
257;1492025926188
258;1492025926329
259;1492025926448
260;1492025926589
261;1492025926713
262;1492025926835
263;1492025926970
264;1492025927095
265;1492025927207
266;1492025927343
267;1492025927471
268;1492025927598
269;1492025927668
270;1492025927857
271;1492025927967
272;1492025928104
273;1492025928176
274;1492025928366
275;1492025928490
276;1492025928599
277;1492025928724
278;1492025928847
279;1492025928975
280;1492025929108
281;1492025929240
282;1492025929375
283;1492025929512
284;1492025929623
285;1492025929761
286;1492025929871
287;1492025930019
288;1492025930095
289;1492025930251
290;1492025930379
291;1492025930511
292;1492025930650
293;1492025930785
294;1492025930855
295;1492025931035
296;1492025931151
297;1492025931275
298;1492025931407
299;1492025931491
300;1492025931652
301;1492025931800
302;1492025931916
303;1492025932045
304;1492025932190
305;1492025932275
306;1492025932473
307;1492025932556
308;1492025932673
309;1492025932784
310;1492025932963
311;1492025933084
312;1492025933210
313;1492025933338
314;1492025933461
315;1492025933588
316;1492025933678
317;1492025933848
318;1492025933979
319;1492025934109
320;1492025934219
321;1492025934368
322;1492025934445
323;1492025934607
324;1492025934750
325;1492025934865
326;1492025935026
327;1492025935106
328;1492025935269
329;1492025935391
330;1492025935538
331;1492025935682
332;1492025935808
333;1492025935892
334;1492025936067
335;1492025936184
336;1492025936367
337;1492025936511
338;1492025936628
339;1492025936748
340;1492025936881
341;1492025937022
342;1492025937109
343;1492025937226
344;1492025937391
345;1492025937528
346;1492025937612
347;1492025937787
348;1492025937903
349;1492025938028
350;1492025938163
351;1492025938299
352;1492025938440
353;1492025938514
354;1492025938699
355;1492025938838
356;1492025938915
357;1492025939103
358;1492025939173
359;1492025939348
360;1492025939443
361;1492025939616
362;1492025939689
363;1492025939884
364;1492025939959
365;1492025940147
366;1492025940222
367;1492025940429
368;1492025940556
369;1492025940667
370;1492025940804
371;1492025940876
372;1492025941059
373;1492025941186
374;1492025941307
375;1492025941444
376;1492025941530
377;1492025941684
378;1492025941832
379;1492025941943
380;1492025942068
381;1492025942218
382;1492025942334
383;1492025942472
384;1492025942544
385;1492025942708
386;1492025942786
387;1492025942944
388;1492025943059
389;1492025943205
390;1492025943315
391;1492025943445
392;1492025943580
393;1492025943691
394;1492025943813
395;1492025943939
396;1492025944076
397;1492025944212
398;1492025944287
399;1492025944459
400;1492025944588
401;1492025944669
402;1492025944828
403;1492025944900
404;1492025945085
405;1492025945200
406;1492025945331
407;1492025945459
408;1492025945545
409;1492025945722
410;1492025945836
411;1492025945973
412;1492025946098
413;1492025946212
414;1492025946339
415;1492025946487
416;1492025946588
417;1492025946760
418;1492025946885
419;1492025947012
420;1492025947145
421;1492025947223
422;1492025947414
423;1492025947543
424;1492025947660
425;1492025947788
426;1492025947916
427;1492025948040
428;1492025948179
429;1492025948337
430;1492025948457
431;1492025948575
432;1492025948729
433;1492025948803
434;1492025948974
435;1492025949122
436;1492025949193
437;1492025949372
438;1492025949495
439;1492025949616
440;1492025949776
441;1492025949848
442;1492025950036
443;1492025950109
444;1492025950296
445;1492025950368
446;1492025950540
447;1492025950656
448;1492025950792
449;1492025950927
450;1492025950997
451;1492025951199
452;1492025951350
453;1492025951423
454;1492025951592
455;1492025951735
456;1492025951865
457;1492025951946
458;1492025952124
459;1492025952205
460;1492025952380
461;1492025952508
462;1492025952619
463;1492025952775
464;1492025952851
465;1492025953017
466;1492025953144
467;1492025953295
468;1492025953424
469;1492025953536
470;1492025953681
471;1492025953791
472;1492025953921
473;1492025954046
474;1492025954182
475;1492025954308
476;1492025954433
477;1492025954556
478;1492025954696
479;1492025954827
480;1492025954902
481;1492025955089
482;1492025955205
483;1492025955337
484;1492025955481
485;1492025955580
486;1492025955665
487;1492025955840
488;1492025955977
489;1492025956128
490;1492025956201
491;1492025956372
492;1492025956461
493;1492025956628
494;1492025956763
495;1492025956836
496;1492025957010
497;1492025957141
498;1492025957250
499;1492025957394
500;1492025957515
501;1492025957637
502;1492025957800
503;1492025957968
504;1492025958041
505;1492025958232
506;1492025958317
507;1492025958505
508;1492025958581
509;1492025958761
510;1492025958899
511;1492025959016
512;1492025959167
513;1492025959301
514;1492025959427
515;1492025959577
516;1492025959652
517;1492025959833
518;1492025959907
519;1492025960096
520;1492025960228
521;1492025960302
522;1492025960484
523;1492025960601
524;1492025960729
525;1492025960867
526;1492025960990
527;1492025961121
528;1492025961256
529;1492025961382
530;1492025961461
531;1492025961644
532;1492025961740
533;1492025961853
534;1492025962032
535;1492025962109
536;1492025962261
537;1492025962401
538;1492025962475
539;1492025962661
540;1492025962777
541;1492025962917
542;1492025963047
543;1492025963165
544;1492025963310
545;1492025963429
546;1492025963593
547;1492025963667
548;1492025963858
549;1492025963984
550;1492025964110
551;1492025964233
552;1492025964359
553;1492025964489
554;1492025964624
555;1492025964751
556;1492025964873
557;1492025965001
558;1492025965128
559;1492025965252
560;1492025965396
561;1492025965472
562;1492025965657
563;1492025965735
564;1492025965896
565;1492025965975
566;1492025966141
567;1492025966226
568;1492025966389
569;1492025966517
570;1492025966645
571;1492025966788
572;1492025966909
573;1492025967033
574;1492025967164
575;1492025967301
576;1492025967438
577;1492025967567
578;1492025967674
579;1492025967848
580;1492025967922
581;1492025968098
582;1492025968185
583;1492025968350
584;1492025968426
585;1492025968609
586;1492025968746
587;1492025968857
588;1492025968993
589;1492025969123
590;1492025969269
591;1492025969402
592;1492025969476
593;1492025969665
594;1492025969738
595;1492025969898
596;1492025970025
597;1492025970168
598;1492025970281
599;1492025970441
600;1492025970571
601;1492025970686
602;1492025970806
603;1492025970946
604;1492025971073
605;1492025971147
606;1492025971323
607;1492025971409
608;1492025971582
609;1492025971654
610;1492025971833
611;1492025971914
612;1492025972086
613;1492025972164
614;1492025972375
615;1492025972534
616;1492025972661
617;1492025972817
618;1492025972949
619;1492025973090
620;1492025973206
621;1492025973317
622;1492025973442
623;1492025973598
624;1492025973672
625;1492025973834
626;1492025973909
627;1492025974104
628;1492025974184
629;1492025974346
630;1492025974419
631;1492025974603
632;1492025974733
633;1492025974860
634;1492025975001
635;1492025975113
636;1492025975289
637;1492025975488
638;1492025975601
639;1492025975722
640;1492025975869
641;1492025975989
642;1492025976121
643;1492025976276
644;1492025976382
645;1492025976472
646;1492025976658
647;1492025976781
648;1492025976909
649;1492025977028
650;1492025977153
651;1492025977300
652;1492025977374
653;1492025977538
654;1492025977682
655;1492025977818
656;1492025977930
657;1492025978061
658;1492025978200
659;1492025978275
660;1492025978465
661;1492025978538
662;1492025978730
663;1492025978809
664;1492025978976
665;1492025979066
666;1492025979234
667;1492025979357
668;1492025979518
669;1492025979591
670;1492025979782
671;1492025979901
672;1492025980012
673;1492025980154
674;1492025980277
675;1492025980393
676;1492025980557
677;1492025980667
678;1492025980768
679;1492025980949
680;1492025981070
681;1492025981195
682;1492025981322
683;1492025981481
684;1492025981554
685;1492025981722
686;1492025981849
687;1492025981974
688;1492025982113
689;1492025982241
690;1492025982393
691;1492025982468
692;1492025982658
693;1492025982777
694;1492025982920
695;1492025983034
696;1492025983158
697;1492025983290
698;1492025983427
699;1492025983498
700;1492025983692
701;1492025983766
702;1492025983948
703;1492025984025
704;1492025984208
705;1492025984296
706;1492025984470
707;1492025984544
708;1492025984729
709;1492025984818
710;1492025985001
711;1492025985074
712;1492025985250
713;1492025985379
714;1492025985495
715;1492025985599
716;1492025985785
717;1492025985884
718;1492025986009
719;1492025986178
720;1492025986267
721;1492025986454
722;1492025986550
723;1492025986740
724;1492025986814
725;1492025986983
726;1492025987077
727;1492025987245
728;1492025987332
729;1492025987517
730;1492025987641
731;1492025987799
732;1492025987875
733;1492025988041
734;1492025988156
735;1492025988294
736;1492025988375
737;1492025988574
738;1492025988693
739;1492025988818
740;1492025988963
741;1492025989034
742;1492025989203
743;1492025989299
744;1492025989411
745;1492025989563
746;1492025989690
747;1492025989817
748;1492025989956
749;1492025990029
750;1492025990226
751;1492025990319
752;1492025990410
753;1492025990587
754;1492025990663
755;1492025990839
756;1492025990927
757;1492025991105
758;1492025991218
759;1492025991422
760;1492025991498
761;1492025991633
762;1492025991783
763;1492025991943
764;1492025992018
765;1492025992218
766;1492025992290
767;1492025992459
768;1492025992551
769;1492025992724
770;1492025992801
771;1492025992983
772;1492025993058
773;1492025993238
774;1492025993311
775;1492025993507
776;1492025993579
777;1492025993762
778;1492025993886
779;1492025994028
780;1492025994154
781;1492025994294
782;1492025994366
783;1492025994563
784;1492025994643
785;1492025994847
786;1492025994951
787;1492025995106
788;1492025995180
789;1492025995362
790;1492025995504
791;1492025995586
792;1492025995773
793;1492025995857
794;1492025996022
795;1492025996100
796;1492025996280
797;1492025996357
798;1492025996552
799;1492025996650
800;1492025996843
801;1492025996981
802;1492025997057
803;1492025997245
804;1492025997318
805;1492025997486
806;1492025997616
807;1492025997692
808;1492025997854
809;1492025997930
810;1492025998115
811;1492025998191
812;1492025998375
813;1492025999717
814;1492025999949
815;1492026000035
816;1492026000167
817;1492026000294
818;1492026000405
819;1492026000534
820;1492026000679
821;1492026000831
822;1492026000962
823;1492026001094
824;1492026001175
825;1492026001337
826;1492026001478
827;1492026001631
828;1492026001755
829;1492026001834
830;1492026002011
831;1492026002089
832;1492026002265
833;1492026002396
834;1492026002534
835;1492026002666
836;1492026002741
837;1492026002930
838;1492026003060
839;1492026003192
840;1492026003262
841;1492026003452
842;1492026003594
843;1492026003717
844;1492026003847
845;1492026003978
846;1492026004123
847;1492026004265
848;1492026004393
849;1492026004476
850;1492026004661
851;1492026004787
852;1492026004927
853;1492026004995
854;1492026005173
855;1492026005286
856;1492026005413
857;1492026005541
858;1492026005666
859;1492026005812
860;1492026005888
861;1492026006065
862;1492026006238
863;1492026006344
864;1492026006492
865;1492026006581
866;1492026006691
867;1492026006869
868;1492026007010
869;1492026007125
870;1492026007269
871;1492026007389
872;1492026007521
873;1492026007633
874;1492026007780
875;1492026007851
876;1492026008032
877;1492026008157
878;1492026008289
879;1492026008424
880;1492026008534
881;1492026008682
882;1492026008763
883;1492026008939
884;1492026009059
885;1492026009206
886;1492026009332
887;1492026009404
888;1492026009579
889;1492026009661
890;1492026009842
891;1492026009978
892;1492026010105
893;1492026010238
894;1492026010353
895;1492026010506
896;1492026010615
897;1492026010750
898;1492026010882
899;1492026011021
900;1492026011146
901;1492026011272
902;1492026011415
903;1492026011535
904;1492026011662
905;1492026011810
906;1492026011921
907;1492026012055
908;1492026012214
909;1492026012336
910;1492026012467
911;1492026012588
912;1492026012709
913;1492026012847
914;1492026012978
915;1492026013106
916;1492026013249
917;1492026013383
918;1492026013505
919;1492026013639
920;1492026013769
921;1492026013895
922;1492026014041
923;1492026014159
924;1492026014302
925;1492026014435
926;1492026014554
927;1492026014674
928;1492026014803
929;1492026014935
930;1492026015074
931;1492026015212
932;1492026015341
933;1492026015450
934;1492026015594
935;1492026015663
936;1492026015834
937;1492026015965
938;1492026016087
939;1492026016213
940;1492026016348
941;1492026016461
942;1492026016594
943;1492026016721
944;1492026016851
945;1492026016992
946;1492026017119
947;1492026017267
948;1492026017359
949;1492026017547
950;1492026017623
951;1492026017797
952;1492026017922
953;1492026018050
954;1492026018193
955;1492026018306
956;1492026018469
957;1492026018541
958;1492026018729
959;1492026018854
960;1492026018982
961;1492026019122
962;1492026019242
963;1492026019396
964;1492026019468
965;1492026019653
966;1492026019781
967;1492026019911
968;1492026019995
969;1492026020171
970;1492026020325
971;1492026020460
972;1492026020532
973;1492026020709
974;1492026020839
975;1492026020974
976;1492026021095
977;1492026021230
978;1492026021366
979;1492026021489
980;1492026021652
981;1492026021723
982;1492026021890
983;1492026022006
984;1492026022138
985;1492026022295
986;1492026022410
987;1492026022546
988;1492026022683
989;1492026022826
990;1492026022942
991;1492026023071
992;1492026023207
993;1492026023298
994;1492026023458
995;1492026023582
996;1492026023721
997;1492026023794
998;1492026023980
999;1492026024053
1000;1492026024250
1001;1492026024360
1002;1492026024481
1003;1492026024591
1004;1492026024782
1005;1492026024856
1006;1492026025026
1007;1492026025147
1008;1492026025290
1009;1492026025436
1010;1492026025555
1011;1492026025678
1012;1492026025803
1013;1492026025935
1014;1492026026009
1015;1492026026195
1016;1492026026263
1017;1492026026454
1018;1492026026577
1019;1492026026726
1020;1492026026881
1021;1492026026969
1022;1492026027135
1023;1492026027286
1024;1492026027411
1025;1492026027558
1026;1492026027682
1027;1492026027775
1028;1492026027939
1029;1492026028079
1030;1492026028224
1031;1492026028366
1032;1492026028486
1033;1492026028623
1034;1492026028761
1035;1492026028838
1036;1492026029022
1037;1492026029135
1038;1492026029267
1039;1492026029406
1040;1492026029538
1041;1492026029671
1042;1492026029799
1043;1492026029954
1044;1492026030089
1045;1492026030229
1046;1492026030300
1047;1492026030494
1048;1492026030621
1049;1492026030759
1050;1492026030867
1051;1492026031002
1052;1492026031127
1053;1492026031266
1054;1492026031375
1055;1492026031527
1056;1492026031606
1057;1492026031798
1058;1492026031915
1059;1492026032038
1060;1492026032181
1061;1492026032305
1062;1492026032436
1063;1492026032507
1064;1492026032679
1065;1492026032821
1066;1492026032961
1067;1492026033101
1068;1492026033241
1069;1492026033358
1070;1492026033479
1071;1492026033619
1072;1492026033701
1073;1492026033882
1074;1492026034005
1075;1492026034144
1076;1492026034274
1077;1492026034391
1078;1492026034531
1079;1492026034662
1080;1492026034802
1081;1492026034912
1082;1492026035035
1083;1492026035174
1084;1492026035315
1085;1492026035396
1086;1492026035588
1087;1492026035715
1088;1492026035835
1089;1492026035963
1090;1492026036087
1091;1492026036237
1092;1492026036352
1093;1492026036490
1094;1492026036616
1095;1492026036780
1096;1492026036907
1097;1492026037039
1098;1492026037158
1099;1492026037311
1100;1492026037384
1101;1492026037562
1102;1492026037688
1103;1492026037834
1104;1492026037908
1105;1492026038100
1106;1492026038688
1107;1492026038815
1108;1492026038961
1109;1492026039086
1110;1492026039216
1111;1492026039294
1112;1492026039472
1113;1492026039586
1114;1492026039737
1115;1492026039846
1116;1492026039997
1117;1492026040114
1118;1492026040251
1119;1492026040334
1120;1492026040507
1121;1492026040634
1122;1492026040759
1123;1492026040909
1124;1492026041023
1125;1492026041165
1126;1492026041302
1127;1492026041433
1128;1492026041561
1129;1492026041693
1130;1492026041817
1131;1492026041959
1132;1492026042043
1133;1492026042245
1134;1492026042337
1135;1492026042484
1136;1492026042634
1137;1492026042746
1138;1492026042904
1139;1492026042978
1140;1492026043167
1141;1492026043276
1142;1492026043407
1143;1492026043521
1144;1492026043631
1145;1492026043826
1146;1492026043950
1147;1492026044082
1148;1492026044211
1149;1492026044350
1150;1492026044493
1151;1492026044627
1152;1492026044749
1153;1492026044891
1154;1492026044999
1155;1492026045147
1156;1492026045217
1157;1492026045399
1158;1492026045518
1159;1492026045684
1160;1492026045755
1161;1492026045931
1162;1492026046062
1163;1492026046199
1164;1492026046273
1165;1492026046440
1166;1492026046567
1167;1492026046709
1168;1492026046843
1169;1492026046960
1170;1492026047109
1171;1492026047219
1172;1492026047351
1173;1492026047483
1174;1492026047611
1175;1492026047776
1176;1492026047847
1177;1492026048060
1178;1492026048130
1179;1492026048307
1180;1492026048400
1181;1492026048574
1182;1492026048690
1183;1492026048845
1184;1492026048955
1185;1492026049089
1186;1492026049239
1187;1492026049379
1188;1492026049449
1189;1492026049628
1190;1492026049755
1191;1492026049828
1192;1492026050016
1193;1492026050100
1194;1492026050311
1195;1492026050446
1196;1492026050563
1197;1492026050709
1198;1492026050838
1199;1492026050922
1200;1492026051092
1201;1492026051176
1202;1492026051331
1203;1492026051466
1204;1492026051601
1205;1492026051673
1206;1492026051835
1207;1492026051972
1208;1492026052107
1209;1492026052243
1210;1492026052321
1211;1492026052503
1212;1492026052581
1213;1492026052743
1214;1492026052860
1215;1492026052999
1216;1492026053137
1217;1492026053208
1218;1492026053388
1219;1492026053474
1220;1492026053656
1221;1492026053746
1222;1492026053917
1223;1492026054052
1224;1492026054181
1225;1492026054253
1226;1492026054447
1227;1492026054516
1228;1492026054704
1229;1492026054833
1230;1492026054907
1231;1492026055083
1232;1492026055219
1233;1492026055360
1234;1492026055432
1235;1492026055616
1236;1492026055732
1237;1492026055859
1238;1492026055999
1239;1492026056129
1240;1492026056254
1241;1492026056337
1242;1492026056513
1243;1492026056588
1244;1492026056772
1245;1492026056860
1246;1492026057033
1247;1492026057179
1248;1492026057291
1249;1492026057432
1250;1492026057572
1251;1492026057695
1252;1492026057836
1253;1492026057974
1254;1492026058112
1255;1492026058223
1256;1492026058383
1257;1492026058478
1258;1492026058593
1259;1492026058779
1260;1492026058863
1261;1492026059031
1262;1492026059147
1263;1492026059296
1264;1492026059408
1265;1492026059532
1266;1492026059667
1267;1492026059807
1268;1492026059944
1269;1492026060055
1270;1492026060203
1271;1492026060292
1272;1492026060479
1273;1492026060571
1274;1492026060758
1275;1492026060850
1276;1492026060996
1277;1492026061144
1278;1492026061279
1279;1492026061401
1280;1492026061578
1281;1492026061692
1282;1492026061842
1283;1492026061976
1284;1492026062124
1285;1492026062251
1286;1492026062375
1287;1492026062464
1288;1492026062678
1289;1492026062781
1290;1492026062880
1291;1492026062998
1292;1492026063195
1293;1492026063268
1294;1492026063443
1295;1492026063614
1296;1492026063712
1297;1492026063822
1298;1492026063927
1299;1492026064115
1300;1492026064236
1301;1492026064387
1302;1492026064553
1303;1492026064625
1304;1492026064797
1305;1492026064943
1306;1492026065063
1307;1492026065183
1308;1492026065341
1309;1492026065466
1310;1492026065566
1311;1492026065680
1312;1492026065856
1313;1492026066004
1314;1492026066081
1315;1492026066268
1316;1492026066343
1317;1492026066521
1318;1492026066656
1319;1492026066783
1320;1492026066908
1321;1492026067032
1322;1492026067180
1323;1492026067296
1324;1492026067444
1325;1492026067567
1326;1492026067700
1327;1492026067819
1328;1492026067978
1329;1492026068106
1330;1492026068248
1331;1492026068376
1332;1492026068531
1333;1492026068670
1334;1492026068759
1335;1492026068937
1336;1492026069071
1337;1492026069203
1338;1492026069286
1339;1492026069477
1340;1492026069565
1341;1492026069739
1342;1492026069873
1343;1492026070023
1344;1492026070149
1345;1492026070296
1346;1492026070370
1347;1492026070548
1348;1492026070633
1349;1492026070810
1350;1492026070939
1351;1492026071096
1352;1492026071219
1353;1492026071387
1354;1492026071475
1355;1492026071644
1356;1492026071760
1357;1492026071915
1358;1492026072054
1359;1492026072127
1360;1492026072316
1361;1492026072404
1362;1492026072580
1363;1492026072664
1364;1492026072841
1365;1492026072931
1366;1492026073087
1367;1492026073230
1368;1492026073357
1369;1492026073475
1370;1492026073613
1371;1492026073737
1372;1492026073881
1373;1492026074004
1374;1492026074148
1375;1492026074291
1376;1492026074370
1377;1492026074548
1378;1492026074630
1379;1492026074816
1380;1492026074892
1381;1492026075081
1382;1492026075197
1383;1492026075343
1384;1492026075422
1385;1492026075599
1386;1492026075732
1387;1492026075810
1388;1492026075989
1389;1492026076147
1390;1492026076234
1391;1492026076362
1392;1492026076552
1393;1492026076646
1394;1492026076815
1395;1492026076903
1396;1492026077090
1397;1492026077160
1398;1492026077317
1399;1492026077453
1400;1492026077598
1401;1492026077670
1402;1492026077844
1403;1492026077934
1404;1492026078109
1405;1492026078243
1406;1492026078389
1407;1492026078463
1408;1492026078644
1409;1492026078740
1410;1492026078854
1411;1492026079045
1412;1492026079133
1413;1492026079296
1414;1492026079412
1415;1492026079572
1416;1492026079716
1417;1492026079844
1418;1492026079956
1419;1492026080104
1420;1492026080181
1421;1492026080374
1422;1492026080509
1423;1492026080647
1424;1492026080773
1425;1492026080904
1426;1492026081056
1427;1492026081185
1428;1492026081317
1429;1492026081407
1430;1492026081580
1431;1492026081738
1432;1492026081820
1433;1492026081996
1434;1492026082072
1435;1492026082244
1436;1492026082340
1437;1492026082501
1438;1492026082586
1439;1492026082768
1440;1492026082870
1441;1492026082994
1442;1492026083103
1443;1492026083231
1444;1492026083415
1445;1492026083496
1446;1492026083649
1447;1492026083792
1448;1492026083920
1449;1492026084089
1450;1492026084186
1451;1492026084300
1452;1492026084495
1453;1492026084604
1454;1492026084698
1455;1492026084888
1456;1492026084974
1457;1492026085171
1458;1492026085283
1459;1492026085418
1460;1492026085597
1461;1492026085751
1462;1492026085868
1463;1492026086025
1464;1492026086137
1465;1492026086277
1466;1492026086402
1467;1492026086569
1468;1492026086709
1469;1492026086781
1470;1492026086971
1471;1492026087090
1472;1492026087223
1473;1492026087354
1474;1492026087447
1475;1492026087661
1476;1492026087739
1477;1492026087873
1478;1492026088045
1479;1492026088135
1480;1492026088313
1481;1492026088387
1482;1492026088569
1483;1492026088653
1484;1492026088831
1485;1492026088920
1486;1492026089084
1487;1492026089173
1488;1492026089345
1489;1492026089430
1490;1492026089604
1491;1492026089699
1492;1492026089855
1493;1492026089946
1494;1492026090105
1495;1492026090197
1496;1492026090376
1497;1492026090465
1498;1492026090630
1499;1492026090768
1500;1492026090912
1501;1492026091033
1502;1492026091186
1503;1492026091300
1504;1492026091437
1505;1492026091600
1506;1492026091733
1507;1492026091914
1508;1492026091991
1509;1492026092170
1510;1492026092321
1511;1492026092400
1512;1492026092544
1513;1492026092680
1514;1492026092813
1515;1492026092936
1516;1492026093077
1517;1492026093204
1518;1492026093345
1519;1492026093468
1520;1492026093609
1521;1492026093736
1522;1492026093885
1523;1492026094019
1524;1492026094113
1525;1492026094304
1526;1492026094384
1527;1492026094557
1528;1492026094636
1529;1492026094813
1530;1492026094901
1531;1492026095062
1532;1492026095144
1533;1492026095317
1534;1492026095399
1535;1492026095607
1536;1492026095713
1537;1492026095848
1538;1492026095985
1539;1492026096117
1540;1492026096273
1541;1492026096403
1542;1492026096518
1543;1492026096675
1544;1492026096752
1545;1492026096933
1546;1492026097058
1547;1492026097202
1548;1492026097280
1549;1492026097469
1550;1492026097564
1551;1492026097748
1552;1492026097840
1553;1492026098027
1554;1492026098103
1555;1492026098312
1556;1492026098392
1557;1492026098566
1558;1492026098665
1559;1492026098842
1560;1492026098969
1561;1492026099125
1562;1492026099250
1563;1492026099331
1564;1492026099525
1565;1492026099642
1566;1492026099747
1567;1492026099900
1568;1492026100049
1569;1492026100182
1570;1492026100313
1571;1492026100444
1572;1492026100524
1573;1492026100701
1574;1492026100777
1575;1492026100977
1576;1492026101084
1577;1492026101266
1578;1492026101355
1579;1492026101514
1580;1492026101692
1581;1492026101766
1582;1492026101958
1583;1492026102030
1584;1492026102238
1585;1492026102369
1586;1492026102490
1587;1492026102636
1588;1492026102786
1589;1492026102879
1590;1492026103063
1591;1492026103167
1592;1492026103338
1593;1492026103414
1594;1492026103580
1595;1492026103655
1596;1492026103836
1597;1492026103911
1598;1492026104090
1599;1492026104182
1600;1492026104362
1601;1492026104439
1602;1492026104617
1603;1492026104746
1604;1492026104888
1605;1492026105013
1606;1492026105159
1607;1492026105281
1608;1492026105440
1609;1492026105554
1610;1492026105704
1611;1492026105846
1612;1492026105979
1613;1492026106135
1614;1492026106225
1615;1492026106436
1616;1492026106507
1617;1492026106670
1618;1492026106746
1619;1492026106919
1620;1492026106998
1621;1492026107174
1622;1492026107309
1623;1492026107454
1624;1492026107596
1625;1492026107670
1626;1492026107848
1627;1492026107931
1628;1492026108113
1629;1492026108209
1630;1492026108324
1631;1492026108502
1632;1492026108597
1633;1492026108780
1634;1492026108873
1635;1492026109062
1636;1492026109141
1637;1492026109332
1638;1492026109408
1639;1492026109603
1640;1492026109693
1641;1492026109870
1642;1492026109961
1643;1492026110139
1644;1492026110236
1645;1492026110420
1646;1492026110562
1647;1492026110717
1648;1492026110833
1649;1492026110994
1650;1492026111109
1651;1492026111250
1652;1492026111378
1653;1492026111534
1654;1492026111662
1655;1492026111775
1656;1492026111902
1657;1492026112064
1658;1492026112194
1659;1492026112306
1660;1492026112478
1661;1492026112626
1662;1492026112738
1663;1492026112878
1664;1492026113002
1665;1492026113163
1666;1492026113241
1667;1492026113443
1668;1492026113529
1669;1492026113693
1670;1492026113786
1671;1492026113934
1672;1492026114066
1673;1492026114223
1674;1492026114297
1675;1492026114494
1676;1492026114570
1677;1492026114734
1678;1492026114810
1679;1492026114985
1680;1492026115065
1681;1492026115254
1682;1492026115331
1683;1492026115519
1684;1492026115601
1685;1492026115778
1686;1492026115917
1687;1492026116051
1688;1492026116137
1689;1492026116308
1690;1492026116397
1691;1492026116579
1692;1492026116664
1693;1492026116831
1694;1492026116963
1695;1492026117113
1696;1492026117237
1697;1492026117402
1698;1492026117498
1699;1492026117618
1700;1492026117794
1701;1492026117866
1702;1492026118059
1703;1492026118130
1704;1492026118307
1705;1492026118402
1706;1492026118594
1707;1492026118668
1708;1492026118850
1709;1492026118981
1710;1492026119143
1711;1492026119214
1712;1492026119390
1713;1492026119513
1714;1492026119657
1715;1492026119730
1716;1492026119926
1717;1492026119999
1718;1492026120191
1719;1492026120295
1720;1492026120437
1721;1492026120583
1722;1492026120690
1723;1492026120853
1724;1492026120928
1725;1492026121121
1726;1492026121200
1727;1492026121385
1728;1492026121472
1729;1492026121642
1730;1492026121783
1731;1492026121871
1732;1492026122037
1733;1492026122111
1734;1492026122319
1735;1492026122394
1736;1492026122562
1737;1492026122654
1738;1492026122822
1739;1492026122895
1740;1492026123087
1741;1492026123179
1742;1492026123367
1743;1492026123449
1744;1492026123634
1745;1492026123749
1746;1492026123850
1747;1492026123972
1748;1492026124144
1749;1492026124263
1750;1492026124375
1751;1492026124536
1752;1492026124642
1753;1492026124739
1754;1492026124929
1755;1492026125053
1756;1492026125201
1757;1492026125283
1758;1492026125469
1759;1492026125559
1760;1492026125724
1761;1492026125818
1762;1492026125985
1763;1492026126102
1764;1492026126265
1765;1492026126390
1766;1492026126539
1767;1492026126689
1768;1492026126846
1769;1492026126982
1770;1492026127058
1771;1492026127237
1772;1492026127362
1773;1492026127503
1774;1492026127582
1775;1492026127775
1776;1492026127866
1777;1492026128033
1778;1492026128176
1779;1492026128267
1780;1492026128425
1781;1492026128570
1782;1492026128716
1783;1492026128797
1784;1492026128987
1785;1492026129062
1786;1492026129270
1787;1492026129360
1788;1492026129541
1789;1492026129616
1790;1492026129781
1791;1492026129872
1792;1492026130062
1793;1492026130181
1794;1492026130354
1795;1492026130470
1796;1492026130590
1797;1492026130751
1798;1492026130866
1799;1492026131063
1800;1492026131171
1801;1492026131311
1802;1492026131460
1803;1492026131538
1804;1492026131715
1805;1492026131792
1806;1492026131966
1807;1492026132056
1808;1492026132227
1809;1492026132355
1810;1492026132502
1811;1492026132631
1812;1492026132758
1813;1492026132916
1814;1492026132996
1815;1492026133212
1816;1492026133278
1817;1492026133454
1818;1492026133531
1819;1492026133713
1820;1492026133838
1821;1492026133976
1822;1492026134097
1823;1492026134259
1824;1492026134333
1825;1492026134525
1826;1492026134615
1827;1492026134778
1828;1492026134916
1829;1492026134992
1830;1492026135186
1831;1492026135263
1832;1492026135457
1833;1492026135536
1834;1492026135742
1835;1492026135875
1836;1492026136018
1837;1492026136136
1838;1492026136258
1839;1492026136402
1840;1492026136530
1841;1492026136643
1842;1492026136786
1843;1492026136919
1844;1492026137074
1845;1492026137195
1846;1492026137338
1847;1492026137475
1848;1492026137622
1849;1492026137735
1850;1492026137894
1851;1492026138007
1852;1492026138166
1853;1492026138291
1854;1492026138427
1855;1492026138562
1856;1492026138702
1857;1492026138790
1858;1492026138979
1859;1492026139103
1860;1492026139265
1861;1492026139339
1862;1492026139533
1863;1492026139609
1864;1492026139806
1865;1492026139880
1866;1492026140043
1867;1492026140182
1868;1492026140323
1869;1492026140401
1870;1492026140580
1871;1492026140664
1872;1492026140853
1873;1492026140974
1874;1492026141126
1875;1492026141244
1876;1492026141355
1877;1492026141548
1878;1492026141639
1879;1492026141802
1880;1492026141930
1881;1492026142062
1882;1492026142163
1883;1492026142315
1884;1492026142442
1885;1492026142566
1886;1492026142707
1887;1492026143033
1888;1492026143119
1889;1492026143269
1890;1492026143343
1891;1492026143504
1892;1492026143594
1893;1492026143789
1894;1492026143866
1895;1492026144061
1896;1492026144136
1897;1492026144330
1898;1492026144405
1899;1492026144579
1900;1492026144714
1901;1492026144847
1902;1492026144948
1903;1492026145131
1904;1492026145235
1905;1492026145375
1906;1492026145473
1907;1492026145655
1908;1492026145749
1909;1492026145926
1910;1492026146019
1911;1492026146180
1912;1492026146270
1913;1492026146425
1914;1492026146560
1915;1492026146703
1916;1492026146779
1917;1492026146954
1918;1492026147053
1919;1492026147246
1920;1492026147359
1921;1492026147495
1922;1492026147668
1923;1492026147781
1924;1492026147857
1925;1492026148023
1926;1492026148100
1927;1492026148280
1928;1492026148377
1929;1492026148556
1930;1492026148647
1931;1492026148814
1932;1492026148899
1933;1492026149095
1934;1492026149182
1935;1492026149391
1936;1492026149467
1937;1492026149651
1938;1492026149739
1939;1492026149918
1940;1492026150017
1941;1492026150186
1942;1492026150278
1943;1492026150450
1944;1492026150533
1945;1492026150717
1946;1492026150799
1947;1492026150991
1948;1492026151067
1949;1492026151251
1950;1492026151345
1951;1492026151537
1952;1492026151619
1953;1492026151801
1954;1492026151882
1955;1492026152066
1956;1492026152145
1957;1492026152341
1958;1492026152432
1959;1492026152607
1960;1492026152685
1961;1492026152878
1962;1492026152959
1963;1492026153154
1964;1492026153234
1965;1492026153425
1966;1492026153521
1967;1492026153680
1968;1492026153775
1969;1492026153946
1970;1492026154020
1971;1492026154201
1972;1492026154339
1973;1492026154478
1974;1492026154592
1975;1492026154689
1976;1492026154877
1977;1492026154959
1978;1492026155138
1979;1492026155227
1980;1492026155391
1981;1492026155484
1982;1492026155652
1983;1492026155754
1984;1492026155860
1985;1492026156041
1986;1492026156121
1987;1492026156324
1988;1492026156411
1989;1492026156614
1990;1492026156728
1991;1492026156841
1992;1492026157005
1993;1492026157080
1994;1492026157244
1995;1492026157390
1996;1492026157521
1997;1492026157606
1998;1492026157791
1999;1492026157923
2000;1492026158054
2001;1492026158180
2002;1492026158343
2003;1492026158426
2004;1492026158645
2005;1492026158764
2006;1492026158883
2007;1492026159070
2008;1492026159171
2009;1492026159349
2010;1492026159443
2011;1492026159555
2012;1492026159740
2013;1492026159879
2014;1492026160011
2015;1492026160131
2016;1492026160271
2017;1492026160360
2018;1492026160536
2019;1492026160663
2020;1492026160825
2021;1492026160918
2022;1492026161010
2023;1492026161212
2024;1492026161297
2025;1492026161502
2026;1492026161615
2027;1492026161736
2028;1492026161850
2029;1492026161966
2030;1492026162148
2031;1492026162278
2032;1492026162414
2033;1492026162504
2034;1492026162675
2035;1492026162788
2036;1492026162961
2037;1492026163038
2038;1492026163213
2039;1492026163311
2040;1492026163491
2041;1492026163580
2042;1492026163752
2043;1492026163904
2044;1492026164002
2045;1492026164178
2046;1492026164302
2047;1492026164461
2048;1492026164536
2049;1492026164726
2050;1492026164829
2051;1492026164974
2052;1492026165128
2053;1492026165283
2054;1492026165372
2055;1492026165571
2056;1492026165645
2057;1492026165827
2058;1492026165922
2059;1492026166102
2060;1492026166231
2061;1492026166328
2062;1492026166499
2063;1492026166576
2064;1492026166789
2065;1492026166856
2066;1492026167061
2067;1492026167140
2068;1492026167323
2069;1492026167476
2070;1492026167611
2071;1492026167689
2072;1492026167860
2073;1492026167962
2074;1492026168077
2075;1492026168266
2076;1492026168387
2077;1492026168522
2078;1492026168693
2079;1492026168771
2080;1492026168944
2081;1492026169045
2082;1492026169223
2083;1492026169356
2084;1492026169508
2085;1492026169601
2086;1492026169792
2087;1492026169880
2088;1492026170061
2089;1492026170157
2090;1492026170290
2091;1492026170455
2092;1492026170588
2093;1492026170753
2094;1492026170831
2095;1492026171008
2096;1492026171085
2097;1492026171289
2098;1492026171364
2099;1492026171557
2100;1492026171654
2101;1492026171849
2102;1492026171948
2103;1492026172052
2104;1492026172223
2105;1492026172346
2106;1492026172447
2107;1492026172639
2108;1492026172725
2109;1492026172906
2110;1492026172992
2111;1492026173184
2112;1492026173262
2113;1492026173444
2114;1492026173546
2115;1492026173729
2116;1492026173801
2117;1492026174001
2118;1492026174084
2119;1492026174271
2120;1492026174365
2121;1492026174552
2122;1492026174645
2123;1492026174782
2124;1492026175012
2125;1492026175085
2126;1492026175264
2127;1492026175400
2128;1492026175531
2129;1492026175611
2130;1492026175774
2131;1492026175854
2132;1492026176057
2133;1492026176133
2134;1492026176315
2135;1492026176393
2136;1492026176592
2137;1492026176669
2138;1492026176872
2139;1492026176957
2140;1492026177143
2141;1492026177280
2142;1492026177423
2143;1492026177499
2144;1492026177648
2145;1492026177775
2146;1492026177948
2147;1492026178025
2148;1492026178211
2149;1492026178360
2150;1492026178501
2151;1492026178577
2152;1492026178742
2153;1492026178844
2154;1492026179003
2155;1492026179084
2156;1492026179247
2157;1492026179328
2158;1492026179516
2159;1492026179597
2160;1492026179759
2161;1492026179849
2162;1492026180052
2163;1492026180179
2164;1492026180307
2165;1492026180406
2166;1492026180564
2167;1492026180682
2168;1492026180821
2169;1492026180942
2170;1492026181105
2171;1492026181189
2172;1492026181376
2173;1492026181467
2174;1492026181652
2175;1492026181732
2176;1492026181941
2177;1492026182036
2178;1492026182191
2179;1492026182287
2180;1492026182493
2181;1492026182611
2182;1492026182759
2183;1492026182868
2184;1492026182980
2185;1492026183163
2186;1492026183259
2187;1492026183435
2188;1492026183517
2189;1492026183705
2190;1492026183794
2191;1492026183975
2192;1492026184050
2193;1492026184228
2194;1492026184324
2195;1492026184560
2196;1492026184627
2197;1492026184753
2198;1492026184935
2199;1492026185025
2200;1492026185159
2201;1492026185330
2202;1492026185479
2203;1492026185619
2204;1492026185707
2205;1492026185904
2206;1492026185981
2207;1492026186165
2208;1492026186242
2209;1492026186426
2210;1492026186522
2211;1492026186718
2212;1492026186792
2213;1492026187010
2214;1492026187099
2215;1492026187255
2216;1492026187407
2217;1492026187489
2218;1492026187662
2219;1492026187791
2220;1492026187945
2221;1492026188021
2222;1492026188186
2223;1492026188325
2224;1492026188467
2225;1492026188570
2226;1492026188752
2227;1492026188848
2228;1492026189016
2229;1492026189109
2230;1492026189300
2231;1492026189402
2232;1492026189517
2233;1492026189737
2234;1492026189833
2235;1492026190016
2236;1492026190148
2237;1492026190319
2238;1492026190396
2239;1492026190589
2240;1492026190690
2241;1492026190791
2242;1492026190985
2243;1492026191064
2244;1492026191267
2245;1492026191347
2246;1492026191527
2247;1492026191608
2248;1492026191788
2249;1492026191867
2250;1492026192076
2251;1492026192134
2252;1492026192260
2253;1492026192485
2254;1492026192568
2255;1492026192730
2256;1492026192872
2257;1492026193036
2258;1492026193116
2259;1492026195480
2260;1492026195679
2261;1492026195797
2262;1492026195917
2263;1492026196041
2264;1492026196244
2265;1492026196351
2266;1492026196458
2267;1492026196633
2268;1492026196796
2269;1492026196890
2270;1492026197024
2271;1492026197192
2272;1492026197281
2273;1492026197449
2274;1492026197605
2275;1492026197681
2276;1492026197858
2277;1492026198024
2278;1492026198095
2279;1492026198302
2280;1492026198433
2281;1492026198572
2282;1492026198689
2283;1492026198843
2284;1492026198950
2285;1492026199060
2286;1492026199227
2287;1492026199305
2288;1492026199505
2289;1492026199605
2290;1492026199731
2291;1492026199893
2292;1492026200052
2293;1492026200149
2294;1492026200297
2295;1492026200465
2296;1492026200648
2297;1492026200769
2298;1492026200910
2299;1492026201027
2300;1492026201182
2301;1492026201268
2302;1492026201392
2303;1492026201578
2304;1492026201650
2305;1492026201825
2306;1492026201953
2307;1492026202112
2308;1492026202188
2309;1492026202361
2310;1492026202502
2311;1492026202637
2312;1492026202821
2313;1492026202929
2314;1492026203070
2315;1492026203198
2316;1492026203306
2317;1492026203417
2318;1492026203632
2319;1492026203737
2320;1492026203854
2321;1492026203976
2322;1492026204156
2323;1492026204242
2324;1492026204399
2325;1492026204560
2326;1492026204700
2327;1492026204864
2328;1492026204940
2329;1492026205148
2330;1492026205247
2331;1492026205388
2332;1492026205482
2333;1492026205674
2334;1492026205749
2335;1492026205928
2336;1492026206069
2337;1492026206220
2338;1492026206344
2339;1492026206514
2340;1492026206610
2341;1492026206712
2342;1492026206905
2343;1492026207015
2344;1492026207134
2345;1492026207332
2346;1492026207408
2347;1492026207604
2348;1492026207712
2349;1492026207834
2350;1492026207997
2351;1492026208184
2352;1492026208320
2353;1492026208442
2354;1492026208558
2355;1492026208693
2356;1492026208836
2357;1492026208955
2358;1492026209069
2359;1492026209175
2360;1492026209383
2361;1492026209486
2362;1492026209658
2363;1492026209731
2364;1492026209927
2365;1492026209998
2366;1492026210191
2367;1492026210284
2368;1492026210414
2369;1492026210628
2370;1492026210724
2371;1492026210832
2372;1492026211012
2373;1492026211087
2374;1492026211266
2375;1492026211413
2376;1492026211536
2377;1492026211670
2378;1492026211797
2379;1492026211967
2380;1492026212072
2381;1492026212218
2382;1492026212373
2383;1492026212448
2384;1492026212624
2385;1492026212707
2386;1492026212898
2387;1492026213025
2388;1492026213192
2389;1492026213272
2390;1492026213462
2391;1492026213566
2392;1492026213686
2393;1492026213861
2394;1492026213935
2395;1492026214133
2396;1492026214233
2397;1492026214393
2398;1492026214521
2399;1492026214657
2400;1492026214797
2401;1492026214921
2402;1492026215087
2403;1492026215190
2404;1492026215295
2405;1492026215499
2406;1492026215570
2407;1492026215781
2408;1492026215875
2409;1492026216006
2410;1492026216106
2411;1492026216325
2412;1492026216398
2413;1492026216576
2414;1492026216725
2415;1492026216892
2416;1492026216986
2417;1492026217191
2418;1492026217288
2419;1492026217426
2420;1492026217585
2421;1492026217664
2422;1492026217859
2423;1492026217984
2424;1492026218093
2425;1492026218201
2426;1492026218382
2427;1492026218460
2428;1492026218654
2429;1492026218728
2430;1492026218922
2431;1492026219048
2432;1492026219197
2433;1492026219306
2434;1492026219413
2435;1492026219616
2436;1492026219693
2437;1492026219900
2438;1492026219985
2439;1492026220179
2440;1492026220268
2441;1492026220404
2442;1492026220606
2443;1492026220709
2444;1492026220828
2445;1492026221012
2446;1492026221182
2447;1492026221278
2448;1492026221408
2449;1492026221592
2450;1492026221684
2451;1492026221812
2452;1492026221980
2453;1492026222125
2454;1492026222280
2455;1492026222404
2456;1492026222492
2457;1492026222678
2458;1492026222813
2459;1492026222970
2460;1492026223089
2461;1492026223235
2462;1492026223383
2463;1492026223457
2464;1492026223647
2465;1492026223802
2466;1492026223917
2467;1492026224093
2468;1492026224170
2469;1492026224334
2470;1492026224521
2471;1492026224584
2472;1492026224764
2473;1492026224947
2474;1492026225020
2475;1492026225186
2476;1492026225332
2477;1492026225464
2478;1492026225566
2479;1492026225750
2480;1492026225855
2481;1492026225979
2482;1492026226083
2483;1492026226255
2484;1492026226401
2485;1492026226570
2486;1492026226710
2487;1492026226834
2488;1492026227045
2489;1492026227189
2490;1492026227295
2491;1492026227442
2492;1492026227536
2493;1492026227715
2494;1492026227861
2495;1492026227935
2496;1492026228110
2497;1492026228269
2498;1492026228380
2499;1492026228499
2500;1492026228699
2501;1492026228770
2502;1492026228980
2503;1492026229079
2504;1492026229210
2505;1492026229333
2506;1492026229534
2507;1492026229634
2508;1492026229782
2509;1492026229918
2510;1492026230078
2511;1492026230181
2512;1492026230279
2513;1492026230502
2514;1492026230596
2515;1492026230695
2516;1492026230817
2517;1492026230989
2518;1492026231117
2519;1492026231258
2520;1492026231388
2521;1492026231561
2522;1492026231661
2523;1492026231788
2524;1492026231911
2525;1492026232072
2526;1492026232175
2527;1492026232377
2528;1492026232502
2529;1492026232652
2530;1492026232748
2531;1492026232951
2532;1492026233060
2533;1492026233163
2534;1492026233356
2535;1492026233496
2536;1492026233649
2537;1492026233757
2538;1492026233897
2539;1492026234044
2540;1492026234154
2541;1492026234261
2542;1492026234464
2543;1492026234571
2544;1492026234702
2545;1492026234861
2546;1492026235027
2547;1492026235189
2548;1492026235277
2549;1492026235391
2550;1492026235603
2551;1492026235726
2552;1492026235841
2553;1492026236017
2554;1492026236101
2555;1492026236267
2556;1492026236443
2557;1492026236515
2558;1492026236704
2559;1492026236787
2560;1492026236960
2561;1492026237073
2562;1492026237218
2563;1492026237327
2564;1492026237568
2565;1492026237665
2566;1492026237841
2567;1492026238006
2568;1492026238104
2569;1492026238229
2570;1492026238417
2571;1492026238491
2572;1492026238673
2573;1492026238831
2574;1492026238980
2575;1492026239114
2576;1492026239249
2577;1492026239391
2578;1492026239509
2579;1492026239671
2580;1492026239792
2581;1492026239927
2582;1492026240054
2583;1492026240145
2584;1492026240337
2585;1492026240435
2586;1492026240568
2587;1492026240692
2588;1492026240885
2589;1492026240982
2590;1492026241107
2591;1492026241303
2592;1492026241418
2593;1492026241529
2594;1492026241677
2595;1492026241860
2596;1492026242005
2597;1492026242159
2598;1492026242256
2599;1492026242359
2600;1492026242560
2601;1492026242712
2602;1492026242803
2603;1492026242919
2604;1492026243110
2605;1492026243184
2606;1492026243384
2607;1492026243486
2608;1492026243584
2609;1492026243767
2610;1492026243846
2611;1492026244046
2612;1492026244190
2613;1492026244273
2614;1492026244465
2615;1492026244564
2616;1492026244700
2617;1492026244836
2618;1492026244944
2619;1492026245121
2620;1492026245267
2621;1492026245451
2622;1492026245556
2623;1492026245687
2624;1492026245846
2625;1492026245984
2626;1492026246114
2627;1492026246288
2628;1492026246394
2629;1492026246534
2630;1492026246698
2631;1492026246811
2632;1492026246933
2633;1492026247037
2634;1492026247219
2635;1492026247307
2636;1492026247502
2637;1492026247576
2638;1492026247787
2639;1492026247881
2640;1492026248008
2641;1492026248119
2642;1492026248306
2643;1492026248442
2644;1492026248631
2645;1492026248724
2646;1492026248917
2647;1492026249087
2648;1492026249188
2649;1492026249308
2650;1492026249452
2651;1492026249560
2652;1492026249753
2653;1492026249850
2654;1492026249971
2655;1492026250170
2656;1492026250269
2657;1492026250463
2658;1492026250544
2659;1492026250738
2660;1492026250822
2661;1492026251009
2662;1492026251129
2663;1492026251219
2664;1492026251411
2665;1492026251515
2666;1492026251687
2667;1492026251784
2668;1492026251903
2669;1492026252104
2670;1492026252200
2671;1492026252319
2672;1492026252524
2673;1492026252600
2674;1492026252818
2675;1492026252914
2676;1492026253042
2677;1492026253165
2678;1492026253369
2679;1492026253462
2680;1492026253571
2681;1492026253760
2682;1492026253871
2683;1492026253983
2684;1492026254112
2685;1492026254277
2686;1492026254403
2687;1492026254545
2688;1492026254696
2689;1492026254782
2690;1492026254940
2691;1492026255086
2692;1492026255250
2693;1492026255362
2694;1492026255505
2695;1492026255647
2696;1492026255836
2697;1492026255939
2698;1492026256068
2699;1492026256197
2700;1492026256331
2701;1492026256453
2702;1492026256613
2703;1492026256747
2704;1492026256886
2705;1492026257039
2706;1492026257137
2707;1492026257332
2708;1492026257408
2709;1492026257621
2710;1492026257700
2711;1492026257882
2712;1492026257974
2713;1492026258158
2714;1492026258283
2715;1492026258393
2716;1492026258593
2717;1492026258719
2718;1492026258843
2719;1492026258945
2720;1492026259130
2721;1492026259232
2722;1492026259338
2723;1492026259560
2724;1492026259661
2725;1492026259785
2726;1492026259971
2727;1492026260062
2728;1492026260223
2729;1492026260354
2730;1492026260499
2731;1492026260675
2732;1492026260805
2733;1492026260935
2734;1492026261079
2735;1492026261205
2736;1492026261353
2737;1492026261435
2738;1492026261607
2739;1492026261774
2740;1492026261851
2741;1492026262048
2742;1492026262141
2743;1492026262331
2744;1492026262407
2745;1492026263442
2746;1492026263496
2747;1492026263703
2748;1492026263787
2749;1492026263887
2750;1492026264049
2751;1492026264223
2752;1492026264326
2753;1492026264424
2754;1492026264609
2755;1492026264776
2756;1492026264928
2757;1492026265056
2758;1492026265206
2759;1492026265326
2760;1492026265455
2761;1492026265629
2762;1492026265799
2763;1492026265894
2764;1492026266004
2765;1492026266210
2766;1492026266295
2767;1492026266420
2768;1492026266596
2769;1492026266694
2770;1492026266827
2771;1492026267034
2772;1492026267117
2773;1492026267224
2774;1492026267440
2775;1492026267532
2776;1492026267643
2777;1492026267843
2778;1492026267921
2779;1492026268117
2780;1492026268227
2781;1492026268321
2782;1492026268508
2783;1492026268584
2784;1492026268777
2785;1492026268868
2786;1492026268978
2787;1492026269155
2788;1492026269298
2789;1492026269446
2790;1492026269588
2791;1492026269683
2792;1492026269809
2793;1492026270002
2794;1492026270085
2795;1492026270262
2796;1492026270407
2797;1492026270484
2798;1492026270674
2799;1492026270779
2800;1492026270879
2801;1492026271081
2802;1492026271226
2803;1492026271300
2804;1492026271489
2805;1492026271618
2806;1492026271769
2807;1492026271875
2808;1492026272016
2809;1492026272190
2810;1492026272331
2811;1492026272483
2812;1492026272662
2813;1492026272788
2814;1492026272922
2815;1492026273051
2816;1492026273195
2817;1492026273371
2818;1492026273483
2819;1492026273607
2820;1492026273738
2821;1492026273892
2822;1492026273971
2823;1492026274166
2824;1492026274241
2825;1492026274446
2826;1492026274535
2827;1492026274665
2828;1492026274853
2829;1492026274959
2830;1492026275076
2831;1492026275238
2832;1492026275395
2833;1492026275494
2834;1492026275674
2835;1492026275755
2836;1492026275940
2837;1492026276019
2838;1492026276233
2839;1492026276330
2840;1492026276488
2841;1492026276594
2842;1492026276768
2843;1492026276879
2844;1492026276994
2845;1492026277199
2846;1492026277302
2847;1492026277428
2848;1492026277540
2849;1492026277748
2850;1492026277846
2851;1492026277972
2852;1492026278171
2853;1492026278278
2854;1492026278385
2855;1492026278584
2856;1492026278679
2857;1492026278788
2858;1492026278984
2859;1492026279126
2860;1492026279229
2861;1492026279431
2862;1492026279586
2863;1492026279723
2864;1492026279835
2865;1492026279990
2866;1492026280088
2867;1492026280211
2868;1492026280361
2869;1492026280465
2870;1492026280662
2871;1492026280771
2872;1492026280898
2873;1492026281022
2874;1492026281171
2875;1492026281266
2876;1492026281457
2877;1492026281535
2878;1492026281715
2879;1492026281800
2880;1492026282008
2881;1492026282119
2882;1492026282238
2883;1492026282377
2884;1492026282497
2885;1492026282701
2886;1492026282778
2887;1492026282969
2888;1492026283086
2889;1492026283198
2890;1492026283322
2891;1492026283487
2892;1492026283678
2893;1492026283786
2894;1492026283896
2895;1492026284029
2896;1492026284219
2897;1492026284295
2898;1492026284483
2899;1492026284592
2900;1492026284692
2901;1492026284885
2902;1492026284963
2903;1492026285128
2904;1492026285296
2905;1492026285406
2906;1492026285560
2907;1492026285697
2908;1492026285814
2909;1492026285937
2910;1492026286043
2911;1492026286266
2912;1492026286348
2913;1492026286489
2914;1492026286620
2915;1492026286806
2916;1492026286896
2917;1492026287093
2918;1492026287189
2919;1492026287394
2920;1492026287497
2921;1492026287619
2922;1492026287854
2923;1492026287984
2924;1492026288154
2925;1492026288334
2926;1492026288465
2927;1492026288656
2928;1492026288750
2929;1492026288863
2930;1492026289039
2931;1492026289132
2932;1492026289334
2933;1492026289429
2934;1492026289598
2935;1492026289705
2936;1492026289899
2937;1492026290029
2938;1492026290162
2939;1492026290276
2940;1492026290448
2941;1492026290610
2942;1492026290757
2943;1492026290858
2944;1492026290979
2945;1492026291172
2946;1492026291251
2947;1492026291439
2948;1492026291519
2949;1492026291714
2950;1492026291822
2951;1492026291967
2952;1492026292175
2953;1492026292265
2954;1492026292391
2955;1492026292580
2956;1492026292677
2957;1492026292857
2958;1492026293022
2959;1492026293139
2960;1492026293295
2961;1492026293419
2962;1492026293554
2963;1492026293699
2964;1492026293834
2965;1492026293950
2966;1492026294061
2967;1492026294256
2968;1492026294337
2969;1492026294526
2970;1492026294622
2971;1492026294759
2972;1492026294933
2973;1492026295041
2974;1492026295160
2975;1492026295270
2976;1492026295455
2977;1492026295587
2978;1492026295737
2979;1492026295812
2980;1492026295967
2981;1492026296088
2982;1492026296231
2983;1492026296359
2984;1492026296504
2985;1492026296643
2986;1492026296827
2987;1492026297026
2988;1492026297149
2989;1492026297280
2990;1492026297457
2991;1492026297623
2992;1492026297761
2993;1492026297911
2994;1492026298081
2995;1492026298262
2996;1492026298341
2997;1492026298469
2998;1492026298644
2999;1492026298739
3000;1492026298887
3001;1492026299035
3002;1492026299133
3003;1492026299253
3004;1492026299367
3005;1492026299530
3006;1492026299728
3007;1492026299830
3008;1492026300007
3009;1492026300128
3010;1492026300355
3011;1492026300519
3012;1492026300621
3013;1492026300714
3014;1492026300914
3015;1492026300994
3016;1492026301204
3017;1492026301282
3018;1492026301460
3019;1492026301551
3020;1492026301712
3021;1492026301874
3022;1492026301950
3023;1492026302144
3024;1492026302236
3025;1492026302370
3026;1492026302568
3027;1492026302667
3028;1492026302773
3029;1492026302963
3030;1492026303077
3031;1492026303213
3032;1492026303346
3033;1492026303480
3034;1492026303585
3035;1492026303809
3036;1492026303904
3037;1492026304013
3038;1492026304200
3039;1492026304322
3040;1492026304455
3041;1492026304639
3042;1492026304735
3043;1492026304911
3044;1492026305052
3045;1492026305191
3046;1492026305347
3047;1492026305460
3048;1492026305566
3049;1492026305760
3050;1492026305887
3051;1492026305995
3052;1492026306143
3053;1492026306292
3054;1492026306424
3055;1492026306567
3056;1492026306712
3057;1492026306871
3058;1492026306955
3059;1492026307134
3060;1492026307254
3061;1492026307430
3062;1492026307531
3063;1492026307656
3064;1492026307753
3065;1492026307923
3066;1492026308077
3067;1492026308153
3068;1492026308368
3069;1492026308466
3070;1492026308585
3071;1492026308788
3072;1492026308897
3073;1492026309021
3074;1492026309137
3075;1492026309330
3076;1492026309433
3077;1492026309548
3078;1492026309679
3079;1492026309855
3080;1492026309955
3081;1492026310054
3082;1492026310231
3083;1492026310371
3084;1492026310492
3085;1492026310597
3086;1492026310786
3087;1492026310898
3088;1492026311061
3089;1492026311160
3090;1492026311285
3091;1492026311477
3092;1492026311603
3093;1492026311748
3094;1492026311913
3095;1492026312024
3096;1492026312150
3097;1492026312287
3098;1492026312407
3099;1492026312523
3100;1492026312717
3101;1492026312827
3102;1492026312938
3103;1492026313133
3104;1492026313230
3105;1492026313355
3106;1492026313546
3107;1492026313652
3108;1492026313754
3109;1492026313961
3110;1492026314066
3111;1492026314200
3112;1492026314305
3113;1492026314422
3114;1492026314608
3115;1492026314741
3116;1492026314860
3117;1492026315047
3118;1492026315187
3119;1492026315331
3120;1492026315452
3121;1492026315596
3122;1492026315716
3123;1492026315840
3124;1492026315978
3125;1492026316084
3126;1492026316279
3127;1492026316381
3128;1492026316520
3129;1492026316638
3130;1492026316823
3131;1492026316935
3132;1492026317063
3133;1492026317177
3134;1492026317287
3135;1492026317483
3136;1492026317588
3137;1492026317731
3138;1492026317836
3139;1492026317968
3140;1492026318097
3141;1492026318300
3142;1492026318399
3143;1492026318575
3144;1492026318718
3145;1492026318799
3146;1492026318968
3147;1492026319132
3148;1492026319238
3149;1492026319352
3150;1492026319539
3151;1492026319667
3152;1492026319857
3153;1492026319960
3154;1492026320076
3155;1492026320228
3156;1492026320329
3157;1492026320529
3158;1492026320634
3159;1492026320799
3160;1492026320946
3161;1492026321160
3162;1492026321230
3163;1492026321403
3164;1492026321566
3165;1492026321662
3166;1492026321757
3167;1492026321937
3168;1492026322053
3169;1492026322247
3170;1492026322325
3171;1492026322519
3172;1492026322633
3173;1492026322746
3174;1492026322880
3175;1492026323088
3176;1492026323195
3177;1492026323312
3178;1492026323493
3179;1492026323570
3180;1492026323746
3181;1492026323891
3182;1492026323974
3183;1492026324202
3184;1492026324242
3185;1492026324444
3186;1492026324522
3187;1492026324732
3188;1492026324800
3189;1492026325022
3190;1492026325094
3191;1492026325296
3192;1492026325404
3193;1492026325516
3194;1492026325717
3195;1492026325815
3196;1492026325926
3197;1492026326057
3198;1492026326165
3199;1492026326346
3200;1492026326437
3201;1492026326622
3202;1492026326750
3203;1492026326867
3204;1492026327010
3205;1492026327163
3206;1492026327298
3207;1492026327415
3208;1492026327518
3209;1492026327650
3210;1492026327815
3211;1492026327936
3212;1492026328067
3213;1492026328221
3214;1492026328335
3215;1492026328465
3216;1492026328620
3217;1492026328733
3218;1492026328862
3219;1492026328996
3220;1492026329186
3221;1492026329301
3222;1492026329448
3223;1492026329572
3224;1492026329719
3225;1492026329841
3226;1492026329946
3227;1492026330141
3228;1492026330257
3229;1492026330367
3230;1492026330578
3231;1492026330687
3232;1492026330798
3233;1492026330973
3234;1492026331087
3235;1492026331248
3236;1492026331362
3237;1492026331521
3238;1492026331629
3239;1492026331770
3240;1492026331912
3241;1492026332038
3242;1492026332192
3243;1492026332334
3244;1492026332511
3245;1492026332647
3246;1492026332852
3247;1492026333014
3248;1492026333142
3249;1492026333291
3250;1492026333360
3251;1492026333559
3252;1492026333697
3253;1492026333876
3254;1492026333988
3255;1492026334094
3256;1492026334286
3257;1492026334400
3258;1492026334526
3259;1492026334631
3260;1492026334829
3261;1492026334923
3262;1492026335040
3263;1492026335206
3264;1492026335348
3265;1492026335489
3266;1492026335655
3267;1492026335767
3268;1492026335876
3269;1492026336015
3270;1492026336137
3271;1492026336246
3272;1492026336417
3273;1492026336535
3274;1492026336658
3275;1492026336858
3276;1492026336969
3277;1492026337104
3278;1492026337215
3279;1492026337425
3280;1492026337535
3281;1492026337657
3282;1492026337758
3283;1492026337952
3284;1492026338067
3285;1492026348174
3286;1492026348368
3287;1492026348520
3288;1492026348602
3289;1492026348801
3290;1492026348892
3291;1492026349036
3292;1492026349200
3293;1492026349352
3294;1492026349476
3295;1492026349638
3296;1492026349758
3297;1492026349915
3298;1492026350053
3299;1492026350194
3300;1492026350296
3301;1492026350399
3302;1492026350581
3303;1492026350725
3304;1492026350864
3305;1492026351009
3306;1492026351173
3307;1492026351293
3308;1492026351412
3309;1492026351561
3310;1492026351699
3311;1492026351780
3312;1492026351996
3313;1492026352120
3314;1492026352249
3315;1492026352381
3316;1492026352545
3317;1492026352688
3318;1492026352816
3319;1492026352977
3320;1492026353052
3321;1492026353251
3322;1492026353373
3323;1492026353483
3324;1492026353607
3325;1492026353784
3326;1492026353928
3327;1492026354067
3328;1492026354165
3329;1492026354319
3330;1492026354429
3331;1492026354631
3332;1492026354773
3333;1492026354864
3334;1492026354971
3335;1492026355167
3336;1492026355300
3337;1492026355436
3338;1492026355594
3339;1492026355679
3340;1492026355867
3341;1492026355955
3342;1492026356144
3343;1492026356255
3344;1492026356384
3345;1492026356561
3346;1492026356666
3347;1492026356795
3348;1492026356941
3349;1492026357112
3350;1492026357209
3351;1492026357344
3352;1492026357501
3353;1492026357668
3354;1492026357753
3355;1492026357933
3356;1492026358043
3357;1492026358171
3358;1492026358278
3359;1492026358508
3360;1492026358582
3361;1492026358760
3362;1492026358866
3363;1492026358979
3364;1492026359185
3365;1492026359279
3366;1492026359450
3367;1492026359592
3368;1492026359726
3369;1492026359884
3370;1492026359989
3371;1492026360130
3372;1492026360234
3373;1492026360432
3374;1492026360597
3375;1492026360689
3376;1492026360813
3377;1492026361002
3378;1492026361107
3379;1492026361224
3380;1492026361418
3381;1492026361536
3382;1492026361667
3383;1492026361826
3384;1492026362015
3385;1492026362109
3386;1492026362259
3387;1492026362401
3388;1492026362600
3389;1492026362686
3390;1492026362845
3391;1492026362991
3392;1492026363150
3393;1492026363251
3394;1492026363391
3395;1492026363557
3396;1492026363719
3397;1492026363792
3398;1492026363983
3399;1492026364109
3400;1492026364227
3401;1492026364401
3402;1492026364546
3403;1492026364677
3404;1492026364817
3405;1492026364983
3406;1492026365072
3407;1492026365220
3408;1492026365384
3409;1492026365492
3410;1492026365600
3411;1492026365792
3412;1492026365900
3413;1492026366052
3414;1492026366158
3415;1492026366371
3416;1492026366427
3417;1492026366618
3418;1492026366708
3419;1492026366862
3420;1492026367010
3421;1492026367160
3422;1492026367329
3423;1492026367404
3424;1492026367606
3425;1492026367695
3426;1492026367840
3427;1492026367970
3428;1492026368144
3429;1492026368325
3430;1492026368451
3431;1492026368581
3432;1492026368724
3433;1492026368864
3434;1492026368981
3435;1492026369079
3436;1492026369286
3437;1492026369377
3438;1492026369500
3439;1492026369683
3440;1492026369782
3441;1492026369906
3442;1492026370088
3443;1492026370248
3444;1492026370374
3445;1492026370524
3446;1492026370678
3447;1492026370790
3448;1492026370925
3449;1492026371100
3450;1492026371229
3451;1492026371389
3452;1492026371480
3453;1492026371601
3454;1492026371785
3455;1492026371927
3456;1492026372069
3457;1492026372207
3458;1492026372349
3459;1492026372511
3460;1492026372611
3461;1492026372750
3462;1492026372886
3463;1492026373060
3464;1492026373148
3465;1492026373288
3466;1492026373408
3467;1492026373572
3468;1492026373744
3469;1492026373848
3470;1492026374007
3471;1492026374129
3472;1492026374263
3473;1492026374394
3474;1492026374610
3475;1492026374712
3476;1492026374850
3477;1492026374959
3478;1492026375171
3479;1492026375271
3480;1492026375414
3481;1492026375586
3482;1492026375690
3483;1492026375807
3484;1492026375928
3485;1492026376122
3486;1492026376246
3487;1492026376414
3488;1492026376489
3489;1492026376649
3490;1492026376815
3491;1492026376910
3492;1492026377037
3493;1492026377176
3494;1492026377298
3495;1492026377493
3496;1492026377573
3497;1492026377745
3498;1492026377894
3499;1492026378032
3500;1492026378166
3501;1492026378293
3502;1492026378465
3503;1492026378585
3504;1492026378744
3505;1492026378849
3506;1492026378993
3507;1492026379154
3508;1492026379251
3509;1492026379360
3510;1492026379581
3511;1492026379655
3512;1492026379834
3513;1492026379975
3514;1492026380109
3515;1492026380279
3516;1492026380374
3517;1492026380489
3518;1492026380667
3519;1492026380813
3520;1492026380974
3521;1492026381071
3522;1492026381190
3523;1492026381375
3524;1492026381484
3525;1492026381647
3526;1492026381771
3527;1492026381886
3528;1492026382015
3529;1492026382229
3530;1492026382359
3531;1492026382501
3532;1492026382598
3533;1492026382750
3534;1492026382878
3535;1492026383001
3536;1492026383124
3537;1492026383324
3538;1492026383425
3539;1492026383615
3540;1492026383720
3541;1492026383893
3542;1492026384045
3543;1492026384119
3544;1492026384297
3545;1492026384431
3546;1492026384621
3547;1492026384786
3548;1492026384883
3549;1492026385073
3550;1492026385236
3551;1492026385311
3552;1492026385477
3553;1492026385676
3554;1492026385768
3555;1492026386001
3556;1492026386098
3557;1492026386278
3558;1492026386438
3559;1492026386515
3560;1492026386686
3561;1492026386851
3562;1492026386969
3563;1492026387091
3564;1492026387243
3565;1492026387383
3566;1492026387482
3567;1492026387689
3568;1492026387745
3569;1492026387932
3570;1492026388026
3571;1492026388120
3572;1492026388330
3573;1492026388429
3574;1492026388561
3575;1492026388791
3576;1492026388891
3577;1492026389071
3578;1492026389226
3579;1492026389365
3580;1492026389469
3581;1492026389647
3582;1492026389778
3583;1492026389873
3584;1492026390053
3585;1492026390197
3586;1492026390369
3587;1492026390481
3588;1492026390638
3589;1492026390762
3590;1492026390886
3591;1492026391003
3592;1492026391220
3593;1492026391281
3594;1492026391478
3595;1492026391594
3596;1492026391772
3597;1492026391870
3598;1492026392042
3599;1492026392194
3600;1492026392321
3601;1492026392446
3602;1492026392581
3603;1492026392725
3604;1492026392876
3605;1492026392955
3606;1492026393121
3607;1492026393265
3608;1492026393401
3609;1492026393587
3610;1492026393641
3611;1492026393846
3612;1492026393964
3613;1492026394086
3614;1492026394200
3615;1492026394379
3616;1492026394500
3617;1492026394613
3618;1492026394774
3619;1492026394933
3620;1492026395007
3621;1492026395221
3622;1492026395328
3623;1492026395457
3624;1492026395585
3625;1492026395778
3626;1492026395905
3627;1492026396012
3628;1492026396190
3629;1492026396331
3630;1492026396416
3631;1492026396618
3632;1492026396734
3633;1492026396888
3634;1492026397013
3635;1492026397156
3636;1492026397278
3637;1492026397447
3638;1492026397579
3639;1492026397695
3640;1492026397830
3641;1492026397961
3642;1492026398103
3643;1492026398213
3644;1492026398348
3645;1492026398544
3646;1492026398662
3647;1492026398801
3648;1492026398957
3649;1492026399102
3650;1492026399219
3651;1492026399309
3652;1492026399474
3653;1492026399634
3654;1492026399731
3655;1492026399845
3656;1492026399977
3657;1492026400165
3658;1492026400283
3659;1492026400394
3660;1492026400508
3661;1492026400693
3662;1492026400807
3663;1492026400940
3664;1492026401052
3665;1492026401256
3666;1492026401344
3667;1492026401491
3668;1492026401593
3669;1492026401777
3670;1492026401931
3671;1492026402023
3672;1492026402156
3673;1492026402378
3674;1492026402474
3675;1492026402572
3676;1492026402765
3677;1492026402872
3678;1492026403014
3679;1492026403132
3680;1492026403339
3681;1492026403447
3682;1492026403585
3683;1492026403720
3684;1492026403881
3685;1492026404067
3686;1492026404171
3687;1492026404331
3688;1492026404456
3689;1492026404644
3690;1492026404788
3691;1492026404869
3692;1492026405037
3693;1492026405193
3694;1492026405274
3695;1492026405454
3696;1492026405574
3697;1492026405737
3698;1492026405815
3699;1492026405999
3700;1492026406080
3701;1492026406289
3702;1492026406369
3703;1492026406568
3704;1492026406675
3705;1492026406811
3706;1492026407006
3707;1492026407088
3708;1492026407262
3709;1492026407421
3710;1492026407523
3711;1492026407654
3712;1492026407807
3713;1492026407894
3714;1492026408023
3715;1492026408240
3716;1492026408317
3717;1492026408497
3718;1492026408663
3719;1492026408798
3720;1492026408911
3721;1492026409047
3722;1492026409170
3723;1492026409366
3724;1492026409507
3725;1492026409642
3726;1492026409779
3727;1492026409970
3728;1492026410096
3729;1492026410234
3730;1492026410395
3731;1492026410565
3732;1492026410687
3733;1492026410798
3734;1492026410913
3735;1492026411108
3736;1492026411211
3737;1492026411328
3738;1492026411494
3739;1492026411635
3740;1492026411713
3741;1492026411912
3742;1492026412038
3743;1492026412163
3744;1492026412293
3745;1492026412459
3746;1492026412655
3747;1492026412816
3748;1492026412968
3749;1492026413117
3750;1492026413276
3751;1492026413464
3752;1492026413570
3753;1492026413751
3754;1492026413871
3755;1492026414000
3756;1492026414197
3757;1492026414325
3758;1492026414455
3759;1492026414577
3760;1492026414836
3761;1492026414920
3762;1492026415064
3763;1492026415194
3764;1492026415351
3765;1492026415452
3766;1492026415642
3767;1492026415775
3768;1492026415906
3769;1492026416051
3770;1492026416206
3771;1492026416333
3772;1492026416463
3773;1492026416667
3774;1492026416804
3775;1492026416923
3776;1492026417032
3777;1492026417231
3778;1492026417334
3779;1492026417467
3780;1492026417568
3781;1492026417755
3782;1492026417849
3783;1492026418042
3784;1492026418137
3785;1492026418337
3786;1492026418429
3787;1492026418613
3788;1492026418690
3789;1492026419242
3790;1492026419314
3791;1492026419443
3792;1492026419565
3793;1492026419767
3794;1492026419879
3795;1492026420008
3796;1492026420177
3797;1492026420267
3798;1492026420384
3799;1492026420590
3800;1492026420687
3801;1492026420781
3802;1492026420971
3803;1492026421080
3804;1492026421254
3805;1492026421372
3806;1492026421466
3807;1492026421669
3808;1492026421812
3809;1492026421964
3810;1492026422076
3811;1492026422229
3812;1492026422336
3813;1492026422449
3814;1492026422627
3815;1492026422769
3816;1492026422920
3817;1492026423097
3818;1492026423218
3819;1492026423340
3820;1492026423489
3821;1492026423639
3822;1492026423752
3823;1492026423868
3824;1492026423985
3825;1492026424176
3826;1492026424310
3827;1492026424402
3828;1492026424596
3829;1492026424747
3830;1492026424869
3831;1492026425019
3832;1492026425268
3833;1492026425415
3834;1492026425565
3835;1492026425678
3836;1492026425814
3837;1492026426014
3838;1492026426124
3839;1492026426238
3840;1492026426381
3841;1492026426563
3842;1492026426748
3843;1492026426865
3844;1492026426986
3845;1492026427105
3846;1492026427334
3847;1492026427410
3848;1492026427585
3849;1492026427724
3850;1492026427896
3851;1492026428036
3852;1492026428173
3853;1492026428324
3854;1492026428451
3855;1492026428590
3856;1492026428725
3857;1492026428825
3858;1492026428999
3859;1492026429161
3860;1492026429277
3861;1492026429406
3862;1492026429551
3863;1492026429720
3864;1492026429834
3865;1492026429950
3866;1492026430106
3867;1492026430253
3868;1492026430385
3869;1492026430519
3870;1492026430624
3871;1492026430776
3872;1492026430920
3873;1492026431041
3874;1492026431163
3875;1492026431310
3876;1492026431508
3877;1492026431646
3878;1492026431810
3879;1492026431892
3880;1492026432050
3881;1492026432208
3882;1492026432314
3883;1492026432442
3884;1492026432580
3885;1492026432687
3886;1492026432831
3887;1492026432960
3888;1492026433161
3889;1492026433268
3890;1492026433402
3891;1492026433510
3892;1492026433721
3893;1492026433803
3894;1492026433978
3895;1492026434142
3896;1492026434238
3897;1492026434356
3898;1492026434474
3899;1492026434688
3900;1492026434826
3901;1492026434927
3902;1492026435072
3903;1492026435183
3904;1492026435382
3905;1492026435456
3906;1492026435634
3907;1492026435778
3908;1492026435910
3909;1492026436058
3910;1492026436211
3911;1492026436315
3912;1492026436471
3913;1492026436593
3914;1492026436752
3915;1492026436859
3916;1492026436988
3917;1492026437189
3918;1492026437267
3919;1492026437442
3920;1492026437594
3921;1492026437756
3922;1492026437848
3923;1492026437981
3924;1492026438175
3925;1492026438271
3926;1492026438409
3927;1492026438537
3928;1492026438646
3929;1492026438897
3930;1492026439009
3931;1492026439154
3932;1492026439260
3933;1492026439443
3934;1492026439541
3935;1492026439685
3936;1492026439870
3937;1492026439974
3938;1492026440138
3939;1492026440264
3940;1492026440410
3941;1492026440560
3942;1492026440658
3943;1492026440762
3944;1492026440924
3945;1492026441097
3946;1492026441177
3947;1492026441347
3948;1492026441478
3949;1492026441577
3950;1492026441772
3951;1492026441887
3952;1492026442041
3953;1492026442159
3954;1492026442277
3955;1492026442475
3956;1492026442587
3957;1492026442698
3958;1492026442895
3959;1492026443014
3960;1492026443129
3961;1492026443261
3962;1492026443453
3963;1492026443574
3964;1492026443666
3965;1492026443847
3966;1492026443996
3967;1492026444077
3968;1492026444249
3969;1492026444370
3970;1492026444501
3971;1492026444711
3972;1492026444812
3973;1492026444917
3974;1492026445118
3975;1492026445198
3976;1492026445398
3977;1492026445483
3978;1492026445601
3979;1492026445824
3980;1492026445923
3981;1492026446032
3982;1492026446231
3983;1492026446329
3984;1492026446530
3985;1492026446631
3986;1492026446753
3987;1492026446879
3988;1492026447070
3989;1492026447160
3990;1492026447323
3991;1492026447493
3992;1492026447604
3993;1492026447737
3994;1492026447884
3995;1492026448095
3996;1492026448174
3997;1492026448402
3998;1492026448541
3999;1492026448731
4000;1492026448826
4001;1492026449019
4002;1492026449115
4003;1492026449269
4004;1492026449417
4005;1492026449527
4006;1492026449722
4007;1492026449822
4008;1492026449926
4009;1492026450118
4010;1492026450208
4011;1492026450326
4012;1492026450521
4013;1492026450644
4014;1492026450747
4015;1492026450961
4016;1492026451055
4017;1492026451212
4018;1492026451332
4019;1492026451460
4020;1492026451588
4021;1492026451718
4022;1492026451838
4023;1492026452012
4024;1492026452186
4025;1492026452295
4026;1492026452431
4027;1492026452547
4028;1492026452674
4029;1492026452876
4030;1492026452991
4031;1492026453118
4032;1492026453229
4033;1492026453406
4034;1492026453529
4035;1492026453643
4036;1492026453768
4037;1492026453931
4038;1492026454095
4039;1492026454204
4040;1492026454301
4041;1492026454505
4042;1492026454609
4043;1492026454777
4044;1492026454876
4045;1492026456839
4046;1492026457141
4047;1492026457224
4048;1492026457323
4049;1492026457524
4050;1492026457596
4051;1492026457774
4052;1492026457866
4053;1492026458061
4054;1492026458204
4055;1492026458302
4056;1492026458484
4057;1492026458636
4058;1492026458755
4059;1492026458905
4060;1492026458987
4061;1492026459176
4062;1492026459316
4063;1492026459490
4064;1492026459619
4065;1492026459757
4066;1492026459859
4067;1492026460057
4068;1492026460227
4069;1492026460303
4070;1492026460487
4071;1492026460609
4072;1492026460722
4073;1492026460832
4074;1492026461004
4075;1492026461152
4076;1492026461302
4077;1492026461432
4078;1492026461595
4079;1492026461744
4080;1492026461877
4081;1492026461981
4082;1492026462140
4083;1492026462342
4084;1492026462467
4085;1492026462600
4086;1492026462696
4087;1492026462869
4088;1492026463029
4089;1492026463102
4090;1492026463308
4091;1492026463392
4092;1492026463567
4093;1492026463692
4094;1492026463848
4095;1492026463994
4096;1492026464082
4097;1492026464295
4098;1492026464372
4099;1492026464541
4100;1492026464712
4101;1492026464801
4102;1492026464911
4103;1492026465101
4104;1492026465182
4105;1492026465402
4106;1492026465520
4107;1492026465610
4108;1492026465815
4109;1492026465914
4110;1492026466163
4111;1492026466277
4112;1492026466403
4113;1492026466601
4114;1492026466729
4115;1492026466851
4116;1492026467001
4117;1492026467088
4118;1492026467277
4119;1492026467414
4120;1492026467537
4121;1492026467685
4122;1492026467816
4123;1492026467970
4124;1492026468046
4125;1492026468224
4126;1492026468412
4127;1492026468532
4128;1492026468627
4129;1492026468809
4130;1492026468982
4131;1492026469085
4132;1492026469232
4133;1492026469340
4134;1492026469529
4135;1492026469652
4136;1492026469820
4137;1492026469907
4138;1492026470030
4139;1492026470232
4140;1492026470318
4141;1492026470451
4142;1492026470654
4143;1492026470802
4144;1492026470878
4145;1492026471073
4146;1492026471161
4147;1492026471330
4148;1492026471480
4149;1492026471660
4150;1492026471786
4151;1492026471930
4152;1492026472099
4153;1492026472225
4154;1492026472346
4155;1492026472480
4156;1492026472593
4157;1492026472719
4158;1492026472927
4159;1492026473080
4160;1492026473237
4161;1492026473418
4162;1492026473576
4163;1492026473738
4164;1492026473872
4165;1492026474008
4166;1492026474111
4167;1492026474259
4168;1492026474382
4169;1492026474504
4170;1492026474699
4171;1492026474829
4172;1492026474955
4173;1492026475064
4174;1492026475224
4175;1492026475390
4176;1492026475486
4177;1492026475668
4178;1492026475822
4179;1492026475961
4180;1492026476043
4181;1492026476220
4182;1492026476370
4183;1492026476454
4184;1492026476650
4185;1492026476787
4186;1492026476925
4187;1492026477073
4188;1492026477221
4189;1492026477303
4190;1492026477492
4191;1492026477640
4192;1492026477721
4193;1492026477913
4194;1492026478024
4195;1492026478160
4196;1492026478319
4197;1492026478421
4198;1492026478577
4199;1492026478703
4200;1492026478848
4201;1492026478924
4202;1492026479127
4203;1492026479226
4204;1492026479432
4205;1492026479548
4206;1492026479660
4207;1492026479816
4208;1492026479939
4209;1492026480177
4210;1492026480255
4211;1492026480433
4212;1492026480594
4213;1492026480717
4214;1492026480861
4215;1492026480994
4216;1492026481178
4217;1492026481252
4218;1492026481444
4219;1492026481618
4220;1492026481805
4221;1492026481890
4222;1492026482112
4223;1492026482278
4224;1492026482376
4225;1492026482553
4226;1492026482712
4227;1492026482787
4228;1492026482987
4229;1492026483071
4230;1492026483250
4231;1492026483377
4232;1492026483549
4233;1492026483623
4234;1492026483822
4235;1492026483906
4236;1492026484074
4237;1492026484241
4238;1492026484385
4239;1492026484537
4240;1492026484667
4241;1492026484802
4242;1492026484917
4243;1492026485096
4244;1492026485246
4245;1492026485391
4246;1492026485477
4247;1492026485671
4248;1492026485755
4249;1492026485926
4250;1492026486072
4251;1492026486240
4252;1492026486315
4253;1492026486490
4254;1492026486659
4255;1492026486751
4256;1492026486961
4257;1492026487125
4258;1492026487268
4259;1492026487389
4260;1492026487592
4261;1492026487695
4262;1492026487809
4263;1492026487992
4264;1492026488075
4265;1492026488252
4266;1492026488404
4267;1492026488515
4268;1492026488692
4269;1492026488829
4270;1492026488917
4271;1492026489115
4272;1492026489214
4273;1492026489323
4274;1492026489525
4275;1492026489606
4276;1492026489790
4277;1492026489908
4278;1492026490057
4279;1492026490185
4280;1492026490350
4281;1492026490428
4282;1492026490668
4283;1492026490778
4284;1492026490913
4285;1492026491035
4286;1492026491143
4287;1492026491328
4288;1492026491415
4289;1492026491603
4290;1492026491734
4291;1492026491875
4292;1492026492012
4293;1492026492156
4294;1492026492315
4295;1492026492391
4296;1492026492621
4297;1492026492757
4298;1492026492918
4299;1492026493042
4300;1492026493151
4301;1492026493279
4302;1492026493406
4303;1492026493560
4304;1492026493771
4305;1492026493879
4306;1492026493984
4307;1492026494178
4308;1492026494292
4309;1492026494437
4310;1492026494590
4311;1492026494746
4312;1492026494832
4313;1492026494999
4314;1492026495108
4315;1492026495307
4316;1492026495384
4317;1492026495576
4318;1492026495744
4319;1492026495820
4320;1492026496002
4321;1492026496158
4322;1492026496269
4323;1492026496429
4324;1492026496564
4325;1492026496706
4326;1492026496795
4327;1492026496982
4328;1492026497151
4329;1492026497272
4330;1492026497377
4331;1492026497560
4332;1492026497699
4333;1492026497859
4334;1492026497992
4335;1492026498124
4336;1492026498232
4337;1492026498425
4338;1492026498500
4339;1492026498682
4340;1492026498826
4341;1492026498959
4342;1492026499129
4343;1492026499229
4344;1492026499361
4345;1492026499475
4346;1492026499665
4347;1492026499767
4348;1492026499951
4349;1492026500108
4350;1492026500200
4351;1492026500409
4352;1492026500537
4353;1492026500676
4354;1492026500779
4355;1492026500958
4356;1492026501176
4357;1492026501364
4358;1492026501506
4359;1492026501653
4360;1492026501771
4361;1492026501951
4362;1492026502085
4363;1492026502246
4364;1492026502346
4365;1492026502517
4366;1492026502690
4367;1492026502768
4368;1492026502943
4369;1492026503104
4370;1492026503182
4371;1492026503364
4372;1492026503510
4373;1492026503645
4374;1492026503837
4375;1492026503950
4376;1492026504080
4377;1492026504231
4378;1492026504376
4379;1492026504497
4380;1492026504627
4381;1492026504830
4382;1492026504941
4383;1492026505082
4384;1492026505209
4385;1492026505381
4386;1492026505495
4387;1492026505620
4388;1492026505800
4389;1492026505933
4390;1492026506090
4391;1492026506218
4392;1492026506321
4393;1492026506455
4394;1492026506625
4395;1492026506763
4396;1492026506867
4397;1492026507004
4398;1492026507185
4399;1492026507344
4400;1492026507458
4401;1492026507561
4402;1492026507733
4403;1492026507972
4404;1492026508109
4405;1492026508246
4406;1492026508438
4407;1492026508583
4408;1492026508746
4409;1492026508853
4410;1492026509006
4411;1492026509146
4412;1492026509265
4413;1492026509403
4414;1492026509542
4415;1492026509688
4416;1492026509858
4417;1492026509941
4418;1492026510060
4419;1492026510248
4420;1492026510344
4421;1492026510539
4422;1492026510629
4423;1492026510813
4424;1492026510946
4425;1492026511097
4426;1492026511184
4427;1492026511371
4428;1492026511501
4429;1492026511668
4430;1492026511764
4431;1492026511930
4432;1492026512076
4433;1492026512181
4434;1492026512418
4435;1492026512521
4436;1492026512693
4437;1492026512827
4438;1492026513025
4439;1492026513115
4440;1492026513252
4441;1492026513468
4442;1492026513627
4443;1492026513780
4444;1492026513861
4445;1492026514041
4446;1492026514183
4447;1492026514268
4448;1492026514467
4449;1492026514613
4450;1492026514701
4451;1492026514898
4452;1492026514989
4453;1492026515183
4454;1492026515330
4455;1492026515449
4456;1492026515616
4457;1492026515733
4458;1492026515900
4459;1492026516028
4460;1492026516117
4461;1492026516302
4462;1492026516421
4463;1492026516595
4464;1492026516733
4465;1492026516880
4466;1492026517031
4467;1492026517176
4468;1492026517312
4469;1492026517499
4470;1492026517589
4471;1492026517742
4472;1492026518000
4473;1492026518141
4474;1492026518344
4475;1492026518463
4476;1492026518620
4477;1492026518758
4478;1492026518879
4479;1492026519017
4480;1492026519144
4481;1492026519302
4482;1492026519429
4483;1492026519597
4484;1492026519718
4485;1492026519879
4486;1492026520050
4487;1492026520154
4488;1492026520281
4489;1492026520439
4490;1492026520572
4491;1492026520781
4492;1492026520893
4493;1492026521045
4494;1492026521186
4495;1492026521387
4496;1492026521497
4497;1492026521604
4498;1492026521810
4499;1492026521940
4500;1492026522124
4501;1492026522231
4502;1492026522336
4503;1492026522550
4504;1492026522693
4505;1492026522771
4506;1492026522964
4507;1492026523541
4508;1492026523640
4509;1492026523790
4510;1492026523876
4511;1492026524080
4512;1492026524199
4513;1492026524309
4514;1492026524516
4515;1492026524629
4516;1492026524773
4517;1492026524919
4518;1492026525019
4519;1492026525211
4520;1492026525299
4521;1492026525490
4522;1492026525613
4523;1492026525768
4524;1492026525863
4525;1492026526045
4526;1492026526124
4527;1492026526328
4528;1492026526441
4529;1492026526574
4530;1492026526702
4531;1492026526829
4532;1492026527029
4533;1492026527192
4534;1492026527294
4535;1492026527442
4536;1492026527548
4537;1492026527752
4538;1492026527848
4539;1492026527982
4540;1492026528105
4541;1492026528274
4542;1492026528425
4543;1492026528582
4544;1492026528708
4545;1492026528945
4546;1492026529101
4547;1492026529223
4548;1492026529430
4549;1492026529525
4550;1492026529662
4551;1492026529815
4552;1492026529916
4553;1492026530106
4554;1492026530250
4555;1492026530373
4556;1492026530529
4557;1492026530654
4558;1492026530840
4559;1492026530921
4560;1492026531093
4561;1492026531249
4562;1492026531387
4563;1492026531488
4564;1492026531681
4565;1492026531835
4566;1492026531953
4567;1492026532089
4568;1492026532228
4569;1492026532365
4570;1492026532499
4571;1492026532607
4572;1492026532784
4573;1492026532923
4574;1492026533073
4575;1492026533157
4576;1492026533371
4577;1492026533518
4578;1492026533605
4579;1492026533781
4580;1492026533940
4581;1492026534065
4582;1492026534259
4583;1492026534393
4584;1492026534546
4585;1492026534688
4586;1492026534788
4587;1492026534950
4588;1492026535059
4589;1492026535249
4590;1492026535388
4591;1492026535492
4592;1492026535612
4593;1492026535800
4594;1492026535968
4595;1492026536044
4596;1492026536215
4597;1492026536374
4598;1492026536478
4599;1492026536600
4600;1492026536782
4601;1492026536923
4602;1492026537067
4603;1492026537219
4604;1492026537346
4605;1492026537539
4606;1492026537613
4607;1492026537811
4608;1492026537892
4609;1492026538099
4610;1492026538222
4611;1492026538356
4612;1492026538486
4613;1492026538655
4614;1492026538815
4615;1492026538931
4616;1492026539061
4617;1492026539195
4618;1492026539307
4619;1492026539532
4620;1492026539721
4621;1492026539877
4622;1492026540047
4623;1492026540219
4624;1492026540329
4625;1492026540471
4626;1492026540621
4627;1492026540754
4628;1492026540910
4629;1492026541040
4630;1492026541202
4631;1492026541328
4632;1492026541451
4633;1492026541576
4634;1492026541736
4635;1492026541882
4636;1492026542015
4637;1492026542137
4638;1492026542353
4639;1492026542448
4640;1492026542639
4641;1492026542728
4642;1492026542946
4643;1492026543070
4644;1492026543215
4645;1492026543355
4646;1492026543486
4647;1492026543637
4648;1492026543730
4649;1492026543918
4650;1492026544072
4651;1492026544196
4652;1492026544383
4653;1492026544520
4654;1492026544669
4655;1492026544804
4656;1492026544967
4657;1492026545106
4658;1492026545223
4659;1492026545330
4660;1492026545510
4661;1492026545655
4662;1492026545803
4663;1492026545894
4664;1492026546088
4665;1492026546242
4666;1492026546351
4667;1492026546535
4668;1492026546661
4669;1492026546803
4670;1492026546916
4671;1492026547074
4672;1492026547187
4673;1492026547374
4674;1492026547532
4675;1492026547638
4676;1492026547747
4677;1492026547947
4678;1492026548029
4679;1492026548227
4680;1492026548367
4681;1492026548536
4682;1492026548641
4683;1492026548834
4684;1492026548941
4685;1492026549163
4686;1492026549337
4687;1492026549474
4688;1492026549618
4689;1492026549778
4690;1492026549929
4691;1492026550093
4692;1492026550234
4693;1492026550340
4694;1492026550507
4695;1492026550673
4696;1492026550796
4697;1492026550913
4698;1492026551112
4699;1492026551239
4700;1492026551380
4701;1492026551501
4702;1492026551620
4703;1492026551807
4704;1492026551897
4705;1492026552085
4706;1492026552230
4707;1492026552316
4708;1492026552512
4709;1492026552626
4710;1492026552761
4711;1492026552907
4712;1492026553077
4713;1492026553226
4714;1492026553363
4715;1492026553552
4716;1492026553664
4717;1492026553779
4718;1492026553967
4719;1492026554056
4720;1492026554235
4721;1492026554378
4722;1492026554469
4723;1492026554660
4724;1492026554793
4725;1492026554928
4726;1492026555108
4727;1492026555193
4728;1492026555424
4729;1492026555540
4730;1492026555688
4731;1492026555813
4732;1492026555937
4733;1492026556101
4734;1492026556245
4735;1492026556337
4736;1492026556529
4737;1492026556647
4738;1492026556838
4739;1492026557011
4740;1492026557147
4741;1492026557259
4742;1492026557452
4743;1492026557557
4744;1492026557699
4745;1492026557871
4746;1492026558037
4747;1492026558120
4748;1492026558319
4749;1492026558406
4750;1492026558601
4751;1492026558757
4752;1492026558878
4753;1492026559015
4754;1492026559147
4755;1492026559284
4756;1492026559425
4757;1492026559623
4758;1492026559754
4759;1492026559942
4760;1492026560036
4761;1492026560238
4762;1492026560356
4763;1492026560468
4764;1492026560695
4765;1492026560815
4766;1492026560925
4767;1492026561053
4768;1492026561238
4769;1492026561379
4770;1492026561580
4771;1492026561694
4772;1492026561852
4773;1492026561936
4774;1492026562128
4775;1492026562223
4776;1492026562398
4777;1492026562496
4778;1492026562682
4779;1492026562854
4780;1492026562944
4781;1492026563122
4782;1492026563235
4783;1492026563350
4784;1492026563540
4785;1492026563688
4786;1492026563882
4787;1492026564078
4788;1492026564247
4789;1492026564389
4790;1492026564545
4791;1492026564749
4792;1492026564900
4793;1492026565028
4794;1492026565184
4795;1492026565330
4796;1492026565456
4797;1492026565560
4798;1492026565749
4799;1492026565848
4800;1492026566047
4801;1492026566121
4802;1492026566311
4803;1492026566401
4804;1492026566574
4805;1492026566730
4806;1492026566899
4807;1492026567011
4808;1492026567147
4809;1492026567260
4810;1492026567456
4811;1492026567582
4812;1492026567698
4813;1492026567812
4814;1492026568032
4815;1492026568160
4816;1492026568280
4817;1492026568469
4818;1492026568578
4819;1492026568751
4820;1492026568925
4821;1492026569097
4822;1492026569225
4823;1492026569455
4824;1492026569559
4825;1492026569771
4826;1492026569900
4827;1492026570000
4828;1492026570186
4829;1492026570338
4830;1492026570500
4831;1492026570591
4832;1492026570776
4833;1492026570905
4834;1492026571071
4835;1492026571176
4836;1492026571371
4837;1492026571492
4838;1492026571612
4839;1492026571795
4840;1492026571930
4841;1492026572094
4842;1492026572188
4843;1492026572362
4844;1492026572525
4845;1492026572652
4846;1492026572791
4847;1492026572929
4848;1492026573046
4849;1492026573246
4850;1492026573352
4851;1492026573557
4852;1492026573692
4853;1492026573778
4854;1492026573992
4855;1492026574099
4856;1492026574246
4857;1492026574366
4858;1492026574568
4859;1492026574702
4860;1492026574844
4861;1492026574950
4862;1492026575139
4863;1492026575314
4864;1492026575465
4865;1492026575559
4866;1492026575760
4867;1492026575905
4868;1492026576050
4869;1492026576196
4870;1492026576356
4871;1492026576526
4872;1492026576653
4873;1492026576767
4874;1492026576939
4875;1492026577092
4876;1492026577245
4877;1492026577368
4878;1492026577558
4879;1492026577722
4880;1492026577857
4881;1492026578001
4882;1492026578161
4883;1492026578316
4884;1492026578438
4885;1492026578599
4886;1492026578695
4887;1492026578890
4888;1492026579025
4889;1492026579103
4890;1492026579294
4891;1492026579390
4892;1492026579573
4893;1492026579674
4894;1492026579858
4895;1492026580011
4896;1492026580106
4897;1492026580293
4898;1492026580387
4899;1492026580603
4900;1492026580697
4901;1492026580837
4902;1492026580976
4903;1492026581106
4904;1492026581298
4905;1492026581427
4906;1492026581534
4907;1492026581730
4908;1492026581825
4909;1492026582012
4910;1492026582177
4911;1492026582270
4912;1492026582458
4913;1492026582636
4914;1492026582773
4915;1492026582920
4916;1492026583100
4917;1492026583287
4918;1492026583409
4919;1492026583631
4920;1492026583726
4921;1492026583912
4922;1492026584066
4923;1492026584213
4924;1492026584360
4925;1492026584453
4926;1492026584686
4927;1492026584811
4928;1492026584937
4929;1492026585097
4930;1492026585235
4931;1492026585383
4932;1492026585504
4933;1492026585691
4934;1492026585856
4935;1492026585993
4936;1492026586151
4937;1492026586285
4938;1492026586386
4939;1492026586565
4940;1492026586707
4941;1492026586821
4942;1492026586980
4943;1492026587124
4944;1492026587242
4945;1492026587429
4946;1492026587545
4947;1492026587760
4948;1492026587834
4949;1492026588012
4950;1492026588163
4951;1492026588299
4952;1492026588436
4953;1492026588594
4954;1492026588690
4955;1492026588890
4956;1492026589048
4957;1492026589250
4958;1492026589395
4959;1492026589568
4960;1492026589650
4961;1492026589883
4962;1492026589963